player,box,item,time
p0001,egg_robux,fox,2026-09-01T00:05:18Z
p0001,egg_robux,dragon,2026-09-01T00:11:14Z
p0001,egg_robux,fox,2026-09-01T00:16:37Z
p0001,egg_robux,fox,2026-09-01T00:21:57Z
p0001,egg_robux,fox,2026-09-01T00:26:28Z
p0001,egg_robux,fox,2026-09-01T00:34:55Z
p0001,egg_robux,fox,2026-09-01T00:41:38Z
p0001,egg_robux,fox,2026-09-01T00:43:16Z
p0001,egg_robux,fox,2026-09-01T00:46:02Z
p0001,egg_robux,fox,2026-09-01T00:49:49Z
p0001,egg_robux,fox,2026-09-01T00:51:07Z
p0001,egg_robux,fox,2026-09-01T00:56:54Z
p0001,egg_robux,dragon,2026-09-01T01:05:21Z
p0001,egg_robux,fox,2026-09-01T01:13:04Z
p0001,egg_robux,fox,2026-09-01T01:19:19Z
p0001,egg_robux,dragon,2026-09-01T01:19:53Z
p0001,egg_robux,fox,2026-09-01T01:29:41Z
p0001,egg_robux,dragon,2026-09-01T01:31:10Z
p0002,egg_robux,fox,2026-09-01T01:36:43Z
p0002,egg_robux,fox,2026-09-01T01:45:11Z
p0002,egg_robux,dragon,2026-09-01T01:53:42Z
p0002,egg_robux,fox,2026-09-01T01:57:34Z
p0002,egg_robux,dragon,2026-09-01T01:58:21Z
p0002,egg_robux,fox,2026-09-01T02:03:20Z
p0002,egg_robux,fox,2026-09-01T02:06:03Z
p0002,egg_robux,fox,2026-09-01T02:13:25Z
p0002,egg_robux,fox,2026-09-01T02:19:52Z
p0002,egg_robux,fox,2026-09-01T02:24:20Z
p0002,egg_robux,fox,2026-09-01T02:34:12Z
p0003,egg_robux,fox,2026-09-01T02:37:45Z
p0003,egg_robux,fox,2026-09-01T02:45:06Z
p0003,egg_robux,fox,2026-09-01T02:52:42Z
p0003,egg_robux,fox,2026-09-01T02:58:16Z
p0003,egg_robux,fox,2026-09-01T03:06:43Z
p0003,egg_robux,fox,2026-09-01T03:07:55Z
p0003,egg_robux,fox,2026-09-01T03:14:10Z
p0003,egg_robux,fox,2026-09-01T03:17:52Z
p0003,egg_robux,dragon,2026-09-01T03:27:16Z
p0003,egg_robux,fox,2026-09-01T03:33:35Z
p0003,egg_robux,fox,2026-09-01T03:42:47Z
p0003,egg_robux,fox,2026-09-01T03:47:09Z
p0003,egg_robux,fox,2026-09-01T03:52:19Z
p0003,egg_robux,fox,2026-09-01T04:01:08Z
p0003,egg_robux,fox,2026-09-01T04:05:14Z
p0003,egg_robux,dragon,2026-09-01T04:06:03Z
p0004,egg_robux,fox,2026-09-01T04:11:12Z
p0004,egg_robux,fox,2026-09-01T04:16:49Z
p0004,egg_robux,dragon,2026-09-01T04:25:41Z
p0004,egg_robux,fox,2026-09-01T04:31:41Z
p0004,egg_robux,fox,2026-09-01T04:37:26Z
p0004,egg_robux,fox,2026-09-01T04:38:23Z
p0004,egg_robux,phoenix,2026-09-01T04:44:55Z
p0004,egg_robux,fox,2026-09-01T04:52:02Z
p0004,egg_robux,fox,2026-09-01T04:53:25Z
p0004,egg_robux,fox,2026-09-01T05:03:10Z
p0004,egg_robux,fox,2026-09-01T05:12:26Z
p0004,egg_robux,fox,2026-09-01T05:20:03Z
p0004,egg_robux,fox,2026-09-01T05:20:47Z
p0004,egg_robux,fox,2026-09-01T05:27:27Z
p0004,egg_robux,fox,2026-09-01T05:33:44Z
p0004,egg_robux,fox,2026-09-01T05:40:56Z
p0004,egg_robux,fox,2026-09-01T05:41:52Z
p0004,egg_robux,fox,2026-09-01T05:45:42Z
p0004,egg_robux,dragon,2026-09-01T05:53:53Z
p0004,egg_robux,fox,2026-09-01T06:01:24Z
p0005,egg_robux,fox,2026-09-01T06:09:56Z
p0005,egg_robux,fox,2026-09-01T06:16:57Z
p0005,egg_robux,fox,2026-09-01T06:16:58Z
p0005,egg_robux,fox,2026-09-01T06:21:54Z
p0005,egg_robux,fox,2026-09-01T06:29:59Z
p0005,egg_robux,phoenix,2026-09-01T06:30:51Z
p0005,egg_robux,fox,2026-09-01T06:37:00Z
p0005,egg_robux,dragon,2026-09-01T06:45:22Z
p0005,egg_robux,fox,2026-09-01T06:55:12Z
p0005,egg_robux,fox,2026-09-01T06:56:54Z
p0005,egg_robux,fox,2026-09-01T07:00:52Z
p0005,egg_robux,fox,2026-09-01T07:06:13Z
p0005,egg_robux,fox,2026-09-01T07:06:50Z
p0005,egg_robux,fox,2026-09-01T07:09:34Z
p0005,egg_robux,fox,2026-09-01T07:16:50Z
p0006,egg_robux,fox,2026-09-01T07:22:45Z
p0006,egg_robux,fox,2026-09-01T07:32:31Z
p0006,egg_robux,fox,2026-09-01T07:36:59Z
p0006,egg_robux,fox,2026-09-01T07:43:51Z
p0006,egg_robux,fox,2026-09-01T07:49:29Z
p0006,egg_robux,fox,2026-09-01T07:49:32Z
p0006,egg_robux,dragon,2026-09-01T07:51:12Z
p0006,egg_robux,dragon,2026-09-01T07:52:34Z
p0006,egg_robux,fox,2026-09-01T07:54:31Z
p0006,egg_robux,dragon,2026-09-01T08:02:47Z
p0006,egg_robux,fox,2026-09-01T08:10:56Z
p0007,egg_robux,fox,2026-09-01T08:18:23Z
p0007,egg_robux,fox,2026-09-01T08:19:32Z
p0007,egg_robux,dragon,2026-09-01T08:20:31Z
p0008,egg_robux,fox,2026-09-01T08:27:45Z
p0008,egg_robux,fox,2026-09-01T08:35:19Z
p0008,egg_robux,dragon,2026-09-01T08:39:11Z
p0008,egg_robux,fox,2026-09-01T08:41:28Z
p0008,egg_robux,fox,2026-09-01T08:42:52Z
p0008,egg_robux,fox,2026-09-01T08:42:58Z
p0008,egg_robux,dragon,2026-09-01T08:52:38Z
p0008,egg_robux,dragon,2026-09-01T08:57:51Z
p0008,egg_robux,fox,2026-09-01T08:58:26Z
p0008,egg_robux,fox,2026-09-01T09:06:08Z
p0008,egg_robux,fox,2026-09-01T09:15:59Z
p0008,egg_robux,fox,2026-09-01T09:24:45Z
p0008,egg_robux,phoenix,2026-09-01T09:34:02Z
p0008,egg_robux,fox,2026-09-01T09:37:56Z
p0008,egg_robux,fox,2026-09-01T09:42:19Z
p0008,egg_robux,fox,2026-09-01T09:44:12Z
p0008,egg_robux,dragon,2026-09-01T09:45:06Z
p0008,egg_robux,fox,2026-09-01T09:50:37Z
p0008,egg_robux,dragon,2026-09-01T09:52:57Z
p0008,egg_robux,dragon,2026-09-01T09:53:45Z
p0008,egg_robux,fox,2026-09-01T09:56:29Z
p0008,egg_robux,fox,2026-09-01T10:00:55Z
p0008,egg_robux,fox,2026-09-01T10:02:20Z
p0008,egg_robux,dragon,2026-09-01T10:03:40Z
p0008,egg_robux,fox,2026-09-01T10:09:28Z
p0008,egg_robux,fox,2026-09-01T10:19:25Z
p0009,egg_robux,fox,2026-09-01T10:24:52Z
p0009,egg_robux,dragon,2026-09-01T10:29:55Z
p0009,egg_robux,fox,2026-09-01T10:32:57Z
p0009,egg_robux,fox,2026-09-01T10:37:03Z
p0009,egg_robux,fox,2026-09-01T10:39:26Z
p0009,egg_robux,fox,2026-09-01T10:39:39Z
p0009,egg_robux,fox,2026-09-01T10:47:05Z
p0009,egg_robux,fox,2026-09-01T10:49:14Z
p0009,egg_robux,fox,2026-09-01T10:57:05Z
p0009,egg_robux,fox,2026-09-01T11:03:09Z
p0009,egg_robux,dragon,2026-09-01T11:06:56Z
p0009,egg_robux,fox,2026-09-01T11:16:11Z
p0009,egg_robux,fox,2026-09-01T11:23:18Z
p0009,egg_robux,fox,2026-09-01T11:24:38Z
p0009,egg_robux,fox,2026-09-01T11:31:28Z
p0009,egg_robux,dragon,2026-09-01T11:40:41Z
p0009,egg_robux,dragon,2026-09-01T11:42:02Z
p0009,egg_robux,dragon,2026-09-01T11:45:53Z
p0009,egg_robux,dragon,2026-09-01T11:51:37Z
p0009,egg_robux,fox,2026-09-01T12:01:17Z
p0009,egg_robux,fox,2026-09-01T12:03:33Z
p0009,egg_robux,fox,2026-09-01T12:10:43Z
p0010,egg_robux,fox,2026-09-01T12:17:55Z
p0010,egg_robux,dragon,2026-09-01T12:22:12Z
p0011,egg_robux,dragon,2026-09-01T12:31:43Z
p0011,egg_robux,fox,2026-09-01T12:32:57Z
p0011,egg_robux,fox,2026-09-01T12:34:40Z
p0011,egg_robux,fox,2026-09-01T12:44:07Z
p0011,egg_robux,fox,2026-09-01T12:50:38Z
p0011,egg_robux,dragon,2026-09-01T12:53:52Z
p0011,egg_robux,fox,2026-09-01T13:01:26Z
p0011,egg_robux,fox,2026-09-01T13:11:12Z
p0011,egg_robux,fox,2026-09-01T13:19:18Z
p0011,egg_robux,fox,2026-09-01T13:23:14Z
p0011,egg_robux,fox,2026-09-01T13:32:15Z
p0011,egg_robux,fox,2026-09-01T13:37:44Z
p0011,egg_robux,fox,2026-09-01T13:44:28Z
p0011,egg_robux,fox,2026-09-01T13:46:23Z
p0011,egg_robux,fox,2026-09-01T13:49:12Z
p0012,egg_robux,fox,2026-09-01T13:58:05Z
p0012,egg_robux,fox,2026-09-01T13:59:05Z
p0012,egg_robux,fox,2026-09-01T14:03:35Z
p0013,egg_robux,fox,2026-09-01T14:04:12Z
p0013,egg_robux,fox,2026-09-01T14:13:21Z
p0014,egg_robux,fox,2026-09-01T14:16:48Z
p0014,egg_robux,fox,2026-09-01T14:22:54Z
p0014,egg_robux,fox,2026-09-01T14:26:37Z
p0014,egg_robux,dragon,2026-09-01T14:34:34Z
p0014,egg_robux,dragon,2026-09-01T14:40:51Z
p0014,egg_robux,fox,2026-09-01T14:47:07Z
p0014,egg_robux,fox,2026-09-01T14:48:02Z
p0014,egg_robux,dragon,2026-09-01T14:50:13Z
p0014,egg_robux,fox,2026-09-01T14:51:48Z
p0014,egg_robux,dragon,2026-09-01T14:52:28Z
p0014,egg_robux,fox,2026-09-01T14:59:57Z
p0014,egg_robux,fox,2026-09-01T15:03:40Z
p0014,egg_robux,dragon,2026-09-01T15:05:57Z
p0014,egg_robux,fox,2026-09-01T15:10:41Z
p0014,egg_robux,fox,2026-09-01T15:11:09Z
p0014,egg_robux,fox,2026-09-01T15:14:57Z
p0014,egg_robux,dragon,2026-09-01T15:15:07Z
p0014,egg_robux,fox,2026-09-01T15:24:15Z
p0014,egg_robux,fox,2026-09-01T15:27:46Z
p0014,egg_robux,fox,2026-09-01T15:29:20Z
p0014,egg_robux,dragon,2026-09-01T15:33:30Z
p0014,egg_robux,fox,2026-09-01T15:41:15Z
p0014,egg_robux,fox,2026-09-01T15:49:50Z
p0014,egg_robux,fox,2026-09-01T15:52:58Z
p0014,egg_robux,fox,2026-09-01T15:59:31Z
p0014,egg_robux,fox,2026-09-01T16:03:28Z
p0014,egg_robux,fox,2026-09-01T16:08:07Z
p0014,egg_robux,dragon,2026-09-01T16:12:21Z
p0014,egg_robux,fox,2026-09-01T16:15:26Z
p0014,egg_robux,fox,2026-09-01T16:16:06Z
p0014,egg_robux,fox,2026-09-01T16:17:23Z
p0014,egg_robux,dragon,2026-09-01T16:19:37Z
p0014,egg_robux,fox,2026-09-01T16:26:56Z
p0014,egg_robux,fox,2026-09-01T16:36:34Z
p0014,egg_robux,fox,2026-09-01T16:40:09Z
p0014,egg_robux,dragon,2026-09-01T16:40:18Z
p0014,egg_robux,fox,2026-09-01T16:41:38Z
p0014,egg_robux,dragon,2026-09-01T16:50:13Z
p0014,egg_robux,dragon,2026-09-01T16:51:45Z
p0014,egg_robux,phoenix,2026-09-01T16:55:46Z
p0014,egg_robux,fox,2026-09-01T16:59:18Z
p0014,egg_robux,fox,2026-09-01T17:00:17Z
p0014,egg_robux,fox,2026-09-01T17:02:55Z
p0014,egg_robux,fox,2026-09-01T17:05:54Z
p0014,egg_robux,fox,2026-09-01T17:10:35Z
p0014,egg_robux,fox,2026-09-01T17:15:49Z
p0014,egg_robux,dragon,2026-09-01T17:23:26Z
p0014,egg_robux,fox,2026-09-01T17:25:22Z
p0014,egg_robux,fox,2026-09-01T17:26:34Z
p0014,egg_robux,fox,2026-09-01T17:29:43Z
p0014,egg_robux,fox,2026-09-01T17:36:08Z
p0014,egg_robux,fox,2026-09-01T17:37:46Z
p0014,egg_robux,fox,2026-09-01T17:39:45Z
p0014,egg_robux,fox,2026-09-01T17:42:06Z
p0014,egg_robux,fox,2026-09-01T17:43:01Z
p0014,egg_robux,fox,2026-09-01T17:46:16Z
p0014,egg_robux,phoenix,2026-09-01T17:49:33Z
p0014,egg_robux,dragon,2026-09-01T17:56:46Z
p0014,egg_robux,fox,2026-09-01T17:59:39Z
p0015,egg_robux,fox,2026-09-01T18:08:36Z
p0015,egg_robux,fox,2026-09-01T18:16:16Z
p0015,egg_robux,dragon,2026-09-01T18:18:42Z
p0015,egg_robux,fox,2026-09-01T18:21:36Z
p0015,egg_robux,dragon,2026-09-01T18:30:16Z
p0015,egg_robux,fox,2026-09-01T18:32:51Z
p0015,egg_robux,fox,2026-09-01T18:34:21Z
p0015,egg_robux,fox,2026-09-01T18:34:46Z
p0015,egg_robux,fox,2026-09-01T18:41:50Z
p0015,egg_robux,fox,2026-09-01T18:47:06Z
p0015,egg_robux,dragon,2026-09-01T18:56:26Z
p0015,egg_robux,fox,2026-09-01T19:02:58Z
p0015,egg_robux,fox,2026-09-01T19:06:16Z
p0015,egg_robux,dragon,2026-09-01T19:11:21Z
p0016,egg_robux,fox,2026-09-01T19:11:55Z
p0016,egg_robux,dragon,2026-09-01T19:15:52Z
p0016,egg_robux,fox,2026-09-01T19:21:51Z
p0016,egg_robux,fox,2026-09-01T19:23:21Z
p0016,egg_robux,fox,2026-09-01T19:29:02Z
p0016,egg_robux,fox,2026-09-01T19:38:03Z
p0016,egg_robux,fox,2026-09-01T19:47:34Z
p0016,egg_robux,fox,2026-09-01T19:49:58Z
p0016,egg_robux,fox,2026-09-01T19:57:56Z
p0016,egg_robux,fox,2026-09-01T20:00:41Z
p0016,egg_robux,dragon,2026-09-01T20:04:06Z
p0016,egg_robux,fox,2026-09-01T20:13:03Z
p0016,egg_robux,fox,2026-09-01T20:17:27Z
p0016,egg_robux,fox,2026-09-01T20:21:27Z
p0016,egg_robux,fox,2026-09-01T20:28:44Z
p0016,egg_robux,fox,2026-09-01T20:32:01Z
p0016,egg_robux,fox,2026-09-01T20:41:33Z
p0016,egg_robux,fox,2026-09-01T20:41:40Z
p0016,egg_robux,fox,2026-09-01T20:43:59Z
p0016,egg_robux,fox,2026-09-01T20:52:15Z
p0016,egg_robux,dragon,2026-09-01T20:53:49Z
p0016,egg_robux,fox,2026-09-01T20:53:53Z
p0016,egg_robux,fox,2026-09-01T20:55:43Z
p0016,egg_robux,dragon,2026-09-01T20:55:49Z
p0016,egg_robux,dragon,2026-09-01T21:04:30Z
p0016,egg_robux,fox,2026-09-01T21:10:59Z
p0016,egg_robux,fox,2026-09-01T21:18:42Z
p0016,egg_robux,fox,2026-09-01T21:19:13Z
p0016,egg_robux,fox,2026-09-01T21:20:25Z
p0016,egg_robux,fox,2026-09-01T21:24:30Z
p0016,egg_robux,dragon,2026-09-01T21:25:49Z
p0016,egg_robux,dragon,2026-09-01T21:30:37Z
p0016,egg_robux,fox,2026-09-01T21:37:50Z
p0016,egg_robux,fox,2026-09-01T21:43:02Z
p0016,egg_robux,fox,2026-09-01T21:43:13Z
p0016,egg_robux,dragon,2026-09-01T21:50:16Z
p0016,egg_robux,fox,2026-09-01T21:54:03Z
p0016,egg_robux,fox,2026-09-01T21:58:30Z
p0016,egg_robux,phoenix,2026-09-01T22:04:14Z
p0016,egg_robux,fox,2026-09-01T22:06:17Z
p0016,egg_robux,fox,2026-09-01T22:09:35Z
p0016,egg_robux,dragon,2026-09-01T22:12:39Z
p0016,egg_robux,fox,2026-09-01T22:22:23Z
p0016,egg_robux,fox,2026-09-01T22:26:04Z
p0016,egg_robux,fox,2026-09-01T22:33:02Z
p0016,egg_robux,fox,2026-09-01T22:35:34Z
p0016,egg_robux,fox,2026-09-01T22:35:49Z
p0016,egg_robux,fox,2026-09-01T22:37:48Z
p0016,egg_robux,dragon,2026-09-01T22:41:32Z
p0016,egg_robux,fox,2026-09-01T22:49:59Z
p0016,egg_robux,fox,2026-09-01T22:53:34Z
p0016,egg_robux,fox,2026-09-01T22:56:21Z
p0016,egg_robux,fox,2026-09-01T23:04:31Z
p0016,egg_robux,fox,2026-09-01T23:10:12Z
p0016,egg_robux,fox,2026-09-01T23:15:21Z
p0016,egg_robux,fox,2026-09-01T23:22:41Z
p0016,egg_robux,dragon,2026-09-01T23:27:31Z
p0016,egg_robux,dragon,2026-09-01T23:28:56Z
p0016,egg_robux,dragon,2026-09-01T23:33:09Z
p0016,egg_robux,dragon,2026-09-01T23:39:12Z
p0016,egg_robux,fox,2026-09-01T23:44:18Z
p0016,egg_robux,fox,2026-09-01T23:44:27Z
p0016,egg_robux,fox,2026-09-01T23:48:44Z
p0016,egg_robux,fox,2026-09-01T23:52:35Z
p0016,egg_robux,fox,2026-09-01T23:58:22Z
p0016,egg_robux,fox,2026-09-02T00:06:37Z
p0016,egg_robux,dragon,2026-09-02T00:14:04Z
p0016,egg_robux,fox,2026-09-02T00:19:36Z
p0016,egg_robux,fox,2026-09-02T00:21:28Z
p0016,egg_robux,fox,2026-09-02T00:26:53Z
p0016,egg_robux,fox,2026-09-02T00:31:18Z
p0016,egg_robux,fox,2026-09-02T00:33:21Z
p0016,egg_robux,dragon,2026-09-02T00:36:37Z
p0016,egg_robux,dragon,2026-09-02T00:43:13Z
p0016,egg_robux,fox,2026-09-02T00:44:24Z
p0017,egg_robux,dragon,2026-09-02T00:50:14Z
p0018,egg_robux,fox,2026-09-02T00:52:06Z
p0018,egg_robux,fox,2026-09-02T00:56:50Z
p0018,egg_robux,dragon,2026-09-02T01:01:39Z
p0018,egg_robux,fox,2026-09-02T01:06:38Z
p0018,egg_robux,fox,2026-09-02T01:07:28Z
p0018,egg_robux,phoenix,2026-09-02T01:12:13Z
p0018,egg_robux,fox,2026-09-02T01:15:43Z
p0018,egg_robux,fox,2026-09-02T01:25:01Z
p0018,egg_robux,fox,2026-09-02T01:27:20Z
p0018,egg_robux,fox,2026-09-02T01:30:29Z
p0018,egg_robux,phoenix,2026-09-02T01:38:12Z
p0018,egg_robux,fox,2026-09-02T01:40:12Z
p0018,egg_robux,fox,2026-09-02T01:47:34Z
p0018,egg_robux,fox,2026-09-02T01:57:08Z
p0018,egg_robux,fox,2026-09-02T02:05:40Z
p0018,egg_robux,dragon,2026-09-02T02:06:21Z
p0018,egg_robux,fox,2026-09-02T02:12:42Z
p0018,egg_robux,fox,2026-09-02T02:13:39Z
p0018,egg_robux,fox,2026-09-02T02:16:49Z
p0018,egg_robux,fox,2026-09-02T02:23:39Z
p0018,egg_robux,fox,2026-09-02T02:29:17Z
p0018,egg_robux,fox,2026-09-02T02:36:10Z
p0018,egg_robux,dragon,2026-09-02T02:37:01Z
p0018,egg_robux,fox,2026-09-02T02:38:34Z
p0018,egg_robux,dragon,2026-09-02T02:47:56Z
p0018,egg_robux,fox,2026-09-02T02:57:55Z
p0018,egg_robux,dragon,2026-09-02T03:01:22Z
p0018,egg_robux,dragon,2026-09-02T03:08:48Z
p0018,egg_robux,fox,2026-09-02T03:17:33Z
p0018,egg_robux,fox,2026-09-02T03:20:14Z
p0019,egg_robux,fox,2026-09-02T03:24:53Z
p0019,egg_robux,dragon,2026-09-02T03:30:22Z
p0019,egg_robux,fox,2026-09-02T03:32:24Z
p0019,egg_robux,fox,2026-09-02T03:39:05Z
p0019,egg_robux,dragon,2026-09-02T03:45:34Z
p0019,egg_robux,fox,2026-09-02T03:47:29Z
p0019,egg_robux,fox,2026-09-02T03:57:30Z
p0019,egg_robux,fox,2026-09-02T04:00:05Z
p0019,egg_robux,fox,2026-09-02T04:07:20Z
p0020,egg_robux,fox,2026-09-02T04:10:37Z
p0020,egg_robux,fox,2026-09-02T04:11:32Z
p0020,egg_robux,fox,2026-09-02T04:17:24Z
p0020,egg_robux,fox,2026-09-02T04:25:14Z
p0020,egg_robux,fox,2026-09-02T04:32:48Z
p0020,egg_robux,fox,2026-09-02T04:34:15Z
p0020,egg_robux,dragon,2026-09-02T04:44:14Z
p0020,egg_robux,fox,2026-09-02T04:47:06Z
p0020,egg_robux,fox,2026-09-02T04:48:34Z
p0020,egg_robux,fox,2026-09-02T04:55:45Z
p0020,egg_robux,fox,2026-09-02T05:01:00Z
p0020,egg_robux,dragon,2026-09-02T05:06:49Z
p0020,egg_robux,phoenix,2026-09-02T05:16:27Z
p0020,egg_robux,dragon,2026-09-02T05:19:29Z
p0020,egg_robux,fox,2026-09-02T05:24:31Z
p0020,egg_robux,fox,2026-09-02T05:33:21Z
p0020,egg_robux,fox,2026-09-02T05:40:47Z
p0020,egg_robux,fox,2026-09-02T05:49:15Z
p0020,egg_robux,fox,2026-09-02T05:51:02Z
p0020,egg_robux,fox,2026-09-02T05:57:59Z
p0020,egg_robux,fox,2026-09-02T06:07:52Z
p0020,egg_robux,fox,2026-09-02T06:09:00Z
p0020,egg_robux,fox,2026-09-02T06:18:02Z
p0020,egg_robux,dragon,2026-09-02T06:24:20Z
p0020,egg_robux,fox,2026-09-02T06:29:55Z
p0020,egg_robux,fox,2026-09-02T06:35:13Z
p0020,egg_robux,fox,2026-09-02T06:37:24Z
p0020,egg_robux,fox,2026-09-02T06:43:48Z
p0020,egg_robux,fox,2026-09-02T06:45:29Z
p0020,egg_robux,fox,2026-09-02T06:48:39Z
p0020,egg_robux,dragon,2026-09-02T06:54:45Z
p0020,egg_robux,fox,2026-09-02T07:00:39Z
p0020,egg_robux,fox,2026-09-02T07:07:11Z
p0020,egg_robux,fox,2026-09-02T07:09:35Z
p0020,egg_robux,fox,2026-09-02T07:14:09Z
p0020,egg_robux,dragon,2026-09-02T07:14:58Z
p0020,egg_robux,fox,2026-09-02T07:16:38Z
p0020,egg_robux,fox,2026-09-02T07:25:43Z
p0020,egg_robux,phoenix,2026-09-02T07:26:48Z
p0020,egg_robux,fox,2026-09-02T07:28:53Z
p0020,egg_robux,fox,2026-09-02T07:37:19Z
p0020,egg_robux,dragon,2026-09-02T07:44:01Z
p0020,egg_robux,phoenix,2026-09-02T07:51:36Z
p0020,egg_robux,fox,2026-09-02T07:59:40Z
p0020,egg_robux,fox,2026-09-02T08:03:47Z
p0020,egg_robux,fox,2026-09-02T08:12:18Z
p0020,egg_robux,dragon,2026-09-02T08:12:32Z
p0020,egg_robux,fox,2026-09-02T08:17:18Z
p0020,egg_robux,fox,2026-09-02T08:17:45Z
p0020,egg_robux,fox,2026-09-02T08:24:20Z
p0020,egg_robux,fox,2026-09-02T08:33:14Z
p0020,egg_robux,fox,2026-09-02T08:33:53Z
p0020,egg_robux,dragon,2026-09-02T08:35:27Z
p0020,egg_robux,fox,2026-09-02T08:36:55Z
p0020,egg_robux,dragon,2026-09-02T08:41:25Z
p0020,egg_robux,fox,2026-09-02T08:49:55Z
p0020,egg_robux,fox,2026-09-02T08:59:44Z
p0020,egg_robux,dragon,2026-09-02T09:03:56Z
p0020,egg_robux,fox,2026-09-02T09:06:16Z
p0020,egg_robux,fox,2026-09-02T09:14:46Z
p0020,egg_robux,fox,2026-09-02T09:20:02Z
p0020,egg_robux,fox,2026-09-02T09:26:49Z
p0020,egg_robux,dragon,2026-09-02T09:32:13Z
p0020,egg_robux,fox,2026-09-02T09:42:08Z
p0020,egg_robux,phoenix,2026-09-02T09:50:09Z
p0020,egg_robux,fox,2026-09-02T09:51:30Z
p0020,egg_robux,fox,2026-09-02T09:58:33Z
p0020,egg_robux,fox,2026-09-02T10:06:52Z
p0020,egg_robux,fox,2026-09-02T10:13:41Z
p0020,egg_robux,dragon,2026-09-02T10:18:00Z
p0020,egg_robux,fox,2026-09-02T10:27:19Z
p0020,egg_robux,fox,2026-09-02T10:36:48Z
p0020,egg_robux,fox,2026-09-02T10:37:27Z
p0020,egg_robux,dragon,2026-09-02T10:41:21Z
p0020,egg_robux,fox,2026-09-02T10:44:02Z
p0020,egg_robux,fox,2026-09-02T10:50:50Z
p0021,egg_robux,dragon,2026-09-02T10:55:17Z
p0021,egg_robux,dragon,2026-09-02T10:55:32Z
p0021,egg_robux,fox,2026-09-02T10:57:16Z
p0021,egg_robux,fox,2026-09-02T11:04:33Z
p0021,egg_robux,dragon,2026-09-02T11:14:27Z
p0021,egg_robux,fox,2026-09-02T11:22:19Z
p0021,egg_robux,dragon,2026-09-02T11:30:43Z
p0021,egg_robux,phoenix,2026-09-02T11:31:11Z
p0021,egg_robux,fox,2026-09-02T11:39:35Z
p0021,egg_robux,dragon,2026-09-02T11:46:43Z
p0021,egg_robux,fox,2026-09-02T11:55:02Z
p0021,egg_robux,fox,2026-09-02T12:02:26Z
p0021,egg_robux,fox,2026-09-02T12:08:49Z
p0021,egg_robux,fox,2026-09-02T12:17:03Z
p0021,egg_robux,fox,2026-09-02T12:26:56Z
p0021,egg_robux,fox,2026-09-02T12:28:05Z
p0021,egg_robux,fox,2026-09-02T12:29:26Z
p0021,egg_robux,dragon,2026-09-02T12:37:19Z
p0021,egg_robux,fox,2026-09-02T12:46:30Z
p0021,egg_robux,dragon,2026-09-02T12:55:07Z
p0021,egg_robux,dragon,2026-09-02T13:02:12Z
p0021,egg_robux,fox,2026-09-02T13:06:35Z
p0021,egg_robux,fox,2026-09-02T13:12:31Z
p0021,egg_robux,dragon,2026-09-02T13:19:18Z
p0021,egg_robux,fox,2026-09-02T13:21:15Z
p0021,egg_robux,fox,2026-09-02T13:27:44Z
p0021,egg_robux,dragon,2026-09-02T13:32:07Z
p0021,egg_robux,dragon,2026-09-02T13:34:51Z
p0021,egg_robux,fox,2026-09-02T13:40:46Z
p0021,egg_robux,fox,2026-09-02T13:42:49Z
p0021,egg_robux,fox,2026-09-02T13:52:14Z
p0021,egg_robux,dragon,2026-09-02T13:55:20Z
p0021,egg_robux,dragon,2026-09-02T14:01:16Z
p0021,egg_robux,fox,2026-09-02T14:04:09Z
p0021,egg_robux,fox,2026-09-02T14:13:00Z
p0021,egg_robux,fox,2026-09-02T14:20:05Z
p0021,egg_robux,fox,2026-09-02T14:26:31Z
p0021,egg_robux,fox,2026-09-02T14:28:14Z
p0021,egg_robux,phoenix,2026-09-02T14:31:33Z
p0021,egg_robux,fox,2026-09-02T14:36:55Z
p0021,egg_robux,dragon,2026-09-02T14:40:24Z
p0021,egg_robux,fox,2026-09-02T14:47:09Z
p0021,egg_robux,fox,2026-09-02T14:52:02Z
p0021,egg_robux,dragon,2026-09-02T15:00:43Z
p0021,egg_robux,fox,2026-09-02T15:05:28Z
p0021,egg_robux,fox,2026-09-02T15:08:54Z
p0021,egg_robux,fox,2026-09-02T15:10:08Z
p0021,egg_robux,fox,2026-09-02T15:10:56Z
p0021,egg_robux,fox,2026-09-02T15:16:22Z
p0021,egg_robux,fox,2026-09-02T15:19:15Z
p0021,egg_robux,dragon,2026-09-02T15:23:26Z
p0021,egg_robux,dragon,2026-09-02T15:32:46Z
p0021,egg_robux,fox,2026-09-02T15:37:01Z
p0021,egg_robux,fox,2026-09-02T15:46:25Z
p0021,egg_robux,fox,2026-09-02T15:49:54Z
p0021,egg_robux,fox,2026-09-02T15:56:11Z
p0021,egg_robux,fox,2026-09-02T16:04:44Z
p0021,egg_robux,fox,2026-09-02T16:08:06Z
p0021,egg_robux,fox,2026-09-02T16:12:45Z
p0021,egg_robux,dragon,2026-09-02T16:20:44Z
p0021,egg_robux,fox,2026-09-02T16:20:53Z
p0021,egg_robux,dragon,2026-09-02T16:25:11Z
p0021,egg_robux,dragon,2026-09-02T16:29:40Z
p0021,egg_robux,fox,2026-09-02T16:37:52Z
p0021,egg_robux,fox,2026-09-02T16:42:48Z
p0021,egg_robux,fox,2026-09-02T16:44:52Z
p0021,egg_robux,fox,2026-09-02T16:46:18Z
p0021,egg_robux,fox,2026-09-02T16:47:00Z
p0021,egg_robux,dragon,2026-09-02T16:48:27Z
p0021,egg_robux,fox,2026-09-02T16:48:44Z
p0021,egg_robux,fox,2026-09-02T16:55:26Z
p0021,egg_robux,dragon,2026-09-02T16:58:00Z
p0021,egg_robux,fox,2026-09-02T17:00:49Z
p0021,egg_robux,fox,2026-09-02T17:06:17Z
p0021,egg_robux,fox,2026-09-02T17:11:38Z
p0022,egg_robux,dragon,2026-09-02T17:14:02Z
p0022,egg_robux,fox,2026-09-02T17:22:54Z
p0022,egg_robux,phoenix,2026-09-02T17:23:30Z
p0022,egg_robux,fox,2026-09-02T17:23:38Z
p0022,egg_robux,fox,2026-09-02T17:32:16Z
p0022,egg_robux,dragon,2026-09-02T17:35:25Z
p0022,egg_robux,dragon,2026-09-02T17:41:33Z
p0022,egg_robux,phoenix,2026-09-02T17:43:18Z
p0022,egg_robux,fox,2026-09-02T17:44:49Z
p0022,egg_robux,fox,2026-09-02T17:53:46Z
p0022,egg_robux,dragon,2026-09-02T18:02:27Z
p0022,egg_robux,fox,2026-09-02T18:06:03Z
p0022,egg_robux,dragon,2026-09-02T18:14:10Z
p0022,egg_robux,dragon,2026-09-02T18:16:26Z
p0022,egg_robux,dragon,2026-09-02T18:20:21Z
p0022,egg_robux,dragon,2026-09-02T18:21:57Z
p0022,egg_robux,dragon,2026-09-02T18:30:41Z
p0022,egg_robux,fox,2026-09-02T18:37:21Z
p0022,egg_robux,fox,2026-09-02T18:45:17Z
p0022,egg_robux,fox,2026-09-02T18:54:53Z
p0022,egg_robux,fox,2026-09-02T18:59:13Z
p0022,egg_robux,fox,2026-09-02T19:00:28Z
p0022,egg_robux,fox,2026-09-02T19:02:24Z
p0022,egg_robux,dragon,2026-09-02T19:05:24Z
p0022,egg_robux,dragon,2026-09-02T19:05:37Z
p0022,egg_robux,fox,2026-09-02T19:05:39Z
p0022,egg_robux,dragon,2026-09-02T19:09:46Z
p0022,egg_robux,fox,2026-09-02T19:09:50Z
p0022,egg_robux,fox,2026-09-02T19:16:03Z
p0022,egg_robux,fox,2026-09-02T19:23:57Z
p0022,egg_robux,dragon,2026-09-02T19:28:42Z
p0022,egg_robux,fox,2026-09-02T19:36:19Z
p0022,egg_robux,dragon,2026-09-02T19:38:17Z
p0022,egg_robux,fox,2026-09-02T19:47:44Z
p0022,egg_robux,fox,2026-09-02T19:57:13Z
p0022,egg_robux,fox,2026-09-02T19:58:55Z
p0022,egg_robux,fox,2026-09-02T20:08:40Z
p0022,egg_robux,phoenix,2026-09-02T20:12:58Z
p0022,egg_robux,fox,2026-09-02T20:14:59Z
p0022,egg_robux,fox,2026-09-02T20:18:11Z
p0022,egg_robux,fox,2026-09-02T20:22:56Z
p0022,egg_robux,fox,2026-09-02T20:26:21Z
p0022,egg_robux,fox,2026-09-02T20:29:22Z
p0022,egg_robux,fox,2026-09-02T20:33:29Z
p0022,egg_robux,fox,2026-09-02T20:37:34Z
p0022,egg_robux,fox,2026-09-02T20:46:42Z
p0022,egg_robux,fox,2026-09-02T20:56:37Z
p0022,egg_robux,fox,2026-09-02T21:02:38Z
p0022,egg_robux,fox,2026-09-02T21:09:24Z
p0022,egg_robux,dragon,2026-09-02T21:14:50Z
p0022,egg_robux,dragon,2026-09-02T21:17:28Z
p0022,egg_robux,fox,2026-09-02T21:23:38Z
p0022,egg_robux,fox,2026-09-02T21:32:39Z
p0022,egg_robux,fox,2026-09-02T21:41:54Z
p0022,egg_robux,fox,2026-09-02T21:42:51Z
p0022,egg_robux,fox,2026-09-02T21:46:44Z
p0022,egg_robux,fox,2026-09-02T21:53:53Z
p0022,egg_robux,fox,2026-09-02T22:03:21Z
p0022,egg_robux,fox,2026-09-02T22:05:49Z
p0022,egg_robux,dragon,2026-09-02T22:14:25Z
p0022,egg_robux,fox,2026-09-02T22:21:12Z
p0022,egg_robux,fox,2026-09-02T22:23:00Z
p0023,egg_robux,fox,2026-09-02T22:30:36Z
p0023,egg_robux,phoenix,2026-09-02T22:30:40Z
p0023,egg_robux,phoenix,2026-09-02T22:38:23Z
p0023,egg_robux,fox,2026-09-02T22:43:44Z
p0023,egg_robux,dragon,2026-09-02T22:49:17Z
p0024,egg_robux,fox,2026-09-02T22:54:28Z
p0024,egg_robux,dragon,2026-09-02T23:01:22Z
p0024,egg_robux,fox,2026-09-02T23:08:56Z
p0024,egg_robux,dragon,2026-09-02T23:18:02Z
p0024,egg_robux,fox,2026-09-02T23:27:36Z
p0024,egg_robux,fox,2026-09-02T23:36:16Z
p0024,egg_robux,fox,2026-09-02T23:38:05Z
p0024,egg_robux,fox,2026-09-02T23:46:38Z
p0024,egg_robux,fox,2026-09-02T23:48:14Z
p0024,egg_robux,fox,2026-09-02T23:52:51Z
p0024,egg_robux,dragon,2026-09-02T23:58:48Z
p0024,egg_robux,fox,2026-09-03T00:01:56Z
p0024,egg_robux,fox,2026-09-03T00:01:59Z
p0024,egg_robux,dragon,2026-09-03T00:04:32Z
p0024,egg_robux,fox,2026-09-03T00:12:40Z
p0024,egg_robux,fox,2026-09-03T00:18:57Z
p0024,egg_robux,fox,2026-09-03T00:24:13Z
p0024,egg_robux,fox,2026-09-03T00:32:56Z
p0024,egg_robux,dragon,2026-09-03T00:33:25Z
p0024,egg_robux,fox,2026-09-03T00:38:00Z
p0024,egg_robux,fox,2026-09-03T00:44:47Z
p0024,egg_robux,fox,2026-09-03T00:47:38Z
p0024,egg_robux,fox,2026-09-03T00:49:14Z
p0024,egg_robux,fox,2026-09-03T00:58:50Z
p0024,egg_robux,fox,2026-09-03T01:04:06Z
p0024,egg_robux,dragon,2026-09-03T01:13:38Z
p0024,egg_robux,fox,2026-09-03T01:22:48Z
p0024,egg_robux,fox,2026-09-03T01:30:34Z
p0024,egg_robux,fox,2026-09-03T01:39:18Z
p0024,egg_robux,fox,2026-09-03T01:46:07Z
p0024,egg_robux,fox,2026-09-03T01:47:01Z
p0024,egg_robux,fox,2026-09-03T01:55:26Z
p0024,egg_robux,dragon,2026-09-03T01:56:00Z
p0024,egg_robux,dragon,2026-09-03T02:05:26Z
p0025,egg_robux,fox,2026-09-03T02:06:59Z
p0025,egg_robux,dragon,2026-09-03T02:15:57Z
p0025,egg_robux,fox,2026-09-03T02:23:11Z
p0025,egg_robux,fox,2026-09-03T02:28:57Z
p0025,egg_robux,dragon,2026-09-03T02:37:47Z
p0025,egg_robux,fox,2026-09-03T02:44:12Z
p0025,egg_robux,fox,2026-09-03T02:44:24Z
p0025,egg_robux,fox,2026-09-03T02:52:18Z
p0025,egg_robux,fox,2026-09-03T02:58:34Z
p0025,egg_robux,fox,2026-09-03T03:07:37Z
p0026,egg_robux,dragon,2026-09-03T03:11:25Z
p0026,egg_robux,fox,2026-09-03T03:20:33Z
p0026,egg_robux,fox,2026-09-03T03:21:39Z
p0026,egg_robux,fox,2026-09-03T03:23:06Z
p0026,egg_robux,fox,2026-09-03T03:30:43Z
p0026,egg_robux,fox,2026-09-03T03:35:58Z
p0026,egg_robux,fox,2026-09-03T03:44:55Z
p0026,egg_robux,fox,2026-09-03T03:53:32Z
p0026,egg_robux,dragon,2026-09-03T03:59:03Z
p0026,egg_robux,dragon,2026-09-03T04:04:50Z
p0026,egg_robux,fox,2026-09-03T04:11:42Z
p0027,egg_robux,dragon,2026-09-03T04:13:32Z
p0027,egg_robux,fox,2026-09-03T04:20:23Z
p0027,egg_robux,fox,2026-09-03T04:25:27Z
p0027,egg_robux,fox,2026-09-03T04:27:40Z
p0027,egg_robux,fox,2026-09-03T04:32:51Z
p0027,egg_robux,fox,2026-09-03T04:40:14Z
p0027,egg_robux,fox,2026-09-03T04:43:42Z
p0027,egg_robux,dragon,2026-09-03T04:47:21Z
p0027,egg_robux,dragon,2026-09-03T04:49:27Z
p0027,egg_robux,dragon,2026-09-03T04:52:14Z
p0027,egg_robux,fox,2026-09-03T04:58:07Z
p0027,egg_robux,fox,2026-09-03T05:02:23Z
p0028,egg_robux,fox,2026-09-03T05:02:25Z
p0028,egg_robux,fox,2026-09-03T05:08:48Z
p0028,egg_robux,fox,2026-09-03T05:16:07Z
p0028,egg_robux,dragon,2026-09-03T05:17:54Z
p0028,egg_robux,fox,2026-09-03T05:23:37Z
p0028,egg_robux,fox,2026-09-03T05:26:48Z
p0028,egg_robux,phoenix,2026-09-03T05:30:54Z
p0028,egg_robux,dragon,2026-09-03T05:39:17Z
p0028,egg_robux,fox,2026-09-03T05:46:08Z
p0028,egg_robux,fox,2026-09-03T05:53:56Z
p0028,egg_robux,fox,2026-09-03T05:54:02Z
p0028,egg_robux,fox,2026-09-03T06:02:38Z
p0028,egg_robux,fox,2026-09-03T06:12:08Z
p0028,egg_robux,fox,2026-09-03T06:21:27Z
p0028,egg_robux,fox,2026-09-03T06:23:32Z
p0028,egg_robux,dragon,2026-09-03T06:26:13Z
p0028,egg_robux,fox,2026-09-03T06:34:04Z
p0028,egg_robux,fox,2026-09-03T06:39:10Z
p0028,egg_robux,fox,2026-09-03T06:47:04Z
p0028,egg_robux,dragon,2026-09-03T06:56:31Z
p0028,egg_robux,fox,2026-09-03T06:58:58Z
p0028,egg_robux,phoenix,2026-09-03T07:04:12Z
p0028,egg_robux,fox,2026-09-03T07:10:17Z
p0028,egg_robux,fox,2026-09-03T07:12:21Z
p0028,egg_robux,fox,2026-09-03T07:14:10Z
p0028,egg_robux,fox,2026-09-03T07:17:22Z
p0028,egg_robux,dragon,2026-09-03T07:19:37Z
p0028,egg_robux,fox,2026-09-03T07:28:24Z
p0028,egg_robux,fox,2026-09-03T07:33:13Z
p0028,egg_robux,fox,2026-09-03T07:38:43Z
p0028,egg_robux,dragon,2026-09-03T07:48:40Z
p0028,egg_robux,fox,2026-09-03T07:49:34Z
p0028,egg_robux,dragon,2026-09-03T07:50:21Z
p0028,egg_robux,dragon,2026-09-03T07:59:48Z
p0028,egg_robux,fox,2026-09-03T08:06:54Z
p0028,egg_robux,dragon,2026-09-03T08:15:14Z
p0028,egg_robux,dragon,2026-09-03T08:21:48Z
p0028,egg_robux,fox,2026-09-03T08:31:09Z
p0028,egg_robux,fox,2026-09-03T08:35:03Z
p0028,egg_robux,fox,2026-09-03T08:40:56Z
p0028,egg_robux,dragon,2026-09-03T08:43:19Z
p0028,egg_robux,dragon,2026-09-03T08:51:00Z
p0028,egg_robux,dragon,2026-09-03T08:53:02Z
p0028,egg_robux,fox,2026-09-03T08:57:29Z
p0028,egg_robux,fox,2026-09-03T08:58:36Z
p0028,egg_robux,dragon,2026-09-03T08:58:50Z
p0028,egg_robux,fox,2026-09-03T09:00:51Z
p0028,egg_robux,dragon,2026-09-03T09:03:42Z
p0028,egg_robux,fox,2026-09-03T09:13:17Z
p0028,egg_robux,fox,2026-09-03T09:15:55Z
p0028,egg_robux,dragon,2026-09-03T09:19:00Z
p0028,egg_robux,dragon,2026-09-03T09:20:06Z
p0028,egg_robux,fox,2026-09-03T09:28:34Z
p0028,egg_robux,fox,2026-09-03T09:35:06Z
p0028,egg_robux,fox,2026-09-03T09:43:47Z
p0028,egg_robux,fox,2026-09-03T09:49:32Z
p0028,egg_robux,dragon,2026-09-03T09:56:07Z
p0028,egg_robux,phoenix,2026-09-03T10:05:26Z
p0028,egg_robux,fox,2026-09-03T10:07:10Z
p0028,egg_robux,fox,2026-09-03T10:16:08Z
p0028,egg_robux,fox,2026-09-03T10:22:49Z
p0028,egg_robux,dragon,2026-09-03T10:29:54Z
p0028,egg_robux,dragon,2026-09-03T10:35:26Z
p0028,egg_robux,fox,2026-09-03T10:37:33Z
p0028,egg_robux,fox,2026-09-03T10:39:09Z
p0028,egg_robux,fox,2026-09-03T10:39:30Z
p0028,egg_robux,fox,2026-09-03T10:45:23Z
p0028,egg_robux,fox,2026-09-03T10:55:14Z
p0028,egg_robux,fox,2026-09-03T10:58:26Z
p0028,egg_robux,fox,2026-09-03T10:59:40Z
p0028,egg_robux,dragon,2026-09-03T11:05:38Z
p0028,egg_robux,phoenix,2026-09-03T11:12:33Z
p0028,egg_robux,dragon,2026-09-03T11:21:47Z
p0028,egg_robux,fox,2026-09-03T11:29:44Z
p0028,egg_robux,fox,2026-09-03T11:39:40Z
p0028,egg_robux,dragon,2026-09-03T11:41:10Z
p0028,egg_robux,fox,2026-09-03T11:44:06Z
p0028,egg_robux,fox,2026-09-03T11:52:08Z
p0028,egg_robux,fox,2026-09-03T11:53:30Z
p0028,egg_robux,dragon,2026-09-03T11:53:45Z
p0028,egg_robux,fox,2026-09-03T11:55:36Z
p0028,egg_robux,dragon,2026-09-03T12:04:17Z
p0028,egg_robux,fox,2026-09-03T12:12:55Z
p0028,egg_robux,fox,2026-09-03T12:22:07Z
p0028,egg_robux,dragon,2026-09-03T12:31:16Z
p0028,egg_robux,fox,2026-09-03T12:31:48Z
p0028,egg_robux,dragon,2026-09-03T12:37:58Z
p0028,egg_robux,dragon,2026-09-03T12:40:15Z
p0028,egg_robux,fox,2026-09-03T12:42:53Z
p0028,egg_robux,fox,2026-09-03T12:44:33Z
p0028,egg_robux,dragon,2026-09-03T12:48:19Z
p0028,egg_robux,fox,2026-09-03T12:55:26Z
p0028,egg_robux,dragon,2026-09-03T13:00:57Z
p0028,egg_robux,dragon,2026-09-03T13:03:22Z
p0028,egg_robux,fox,2026-09-03T13:04:58Z
p0028,egg_robux,fox,2026-09-03T13:06:52Z
p0028,egg_robux,dragon,2026-09-03T13:11:47Z
p0028,egg_robux,fox,2026-09-03T13:12:09Z
p0028,egg_robux,fox,2026-09-03T13:12:55Z
p0028,egg_robux,dragon,2026-09-03T13:20:39Z
p0028,egg_robux,fox,2026-09-03T13:22:48Z
p0028,egg_robux,fox,2026-09-03T13:26:42Z
p0028,egg_robux,fox,2026-09-03T13:33:40Z
p0029,egg_robux,fox,2026-09-03T13:36:55Z
p0029,egg_robux,phoenix,2026-09-03T13:42:27Z
p0029,egg_robux,fox,2026-09-03T13:47:48Z
p0029,egg_robux,fox,2026-09-03T13:50:36Z
p0029,egg_robux,dragon,2026-09-03T13:59:23Z
p0029,egg_robux,dragon,2026-09-03T14:08:18Z
p0029,egg_robux,fox,2026-09-03T14:11:54Z
p0029,egg_robux,fox,2026-09-03T14:16:23Z
p0029,egg_robux,fox,2026-09-03T14:23:22Z
p0029,egg_robux,fox,2026-09-03T14:30:34Z
p0029,egg_robux,fox,2026-09-03T14:30:52Z
p0029,egg_robux,dragon,2026-09-03T14:37:07Z
p0029,egg_robux,fox,2026-09-03T14:45:48Z
p0029,egg_robux,phoenix,2026-09-03T14:50:25Z
p0029,egg_robux,fox,2026-09-03T14:54:50Z
p0029,egg_robux,fox,2026-09-03T15:02:01Z
p0029,egg_robux,dragon,2026-09-03T15:03:26Z
p0029,egg_robux,fox,2026-09-03T15:05:42Z
p0029,egg_robux,dragon,2026-09-03T15:13:13Z
p0029,egg_robux,fox,2026-09-03T15:15:21Z
p0029,egg_robux,dragon,2026-09-03T15:17:46Z
p0029,egg_robux,fox,2026-09-03T15:25:12Z
p0029,egg_robux,fox,2026-09-03T15:26:00Z
p0029,egg_robux,fox,2026-09-03T15:32:28Z
p0029,egg_robux,fox,2026-09-03T15:37:30Z
p0029,egg_robux,fox,2026-09-03T15:43:13Z
p0029,egg_robux,fox,2026-09-03T15:50:23Z
p0029,egg_robux,fox,2026-09-03T15:57:55Z
p0029,egg_robux,fox,2026-09-03T15:59:16Z
p0029,egg_robux,fox,2026-09-03T16:00:37Z
p0029,egg_robux,fox,2026-09-03T16:03:11Z
p0029,egg_robux,fox,2026-09-03T16:04:35Z
p0029,egg_robux,dragon,2026-09-03T16:14:15Z
p0029,egg_robux,fox,2026-09-03T16:20:48Z
p0029,egg_robux,dragon,2026-09-03T16:25:05Z
p0029,egg_robux,fox,2026-09-03T16:30:51Z
p0029,egg_robux,fox,2026-09-03T16:40:49Z
p0029,egg_robux,fox,2026-09-03T16:46:22Z
p0029,egg_robux,fox,2026-09-03T16:53:44Z
p0029,egg_robux,fox,2026-09-03T16:58:06Z
p0029,egg_robux,fox,2026-09-03T17:00:36Z
p0029,egg_robux,dragon,2026-09-03T17:03:19Z
p0029,egg_robux,fox,2026-09-03T17:06:42Z
p0029,egg_robux,fox,2026-09-03T17:13:22Z
p0029,egg_robux,fox,2026-09-03T17:14:56Z
p0029,egg_robux,dragon,2026-09-03T17:20:32Z
p0029,egg_robux,fox,2026-09-03T17:24:05Z
p0029,egg_robux,fox,2026-09-03T17:30:11Z
p0029,egg_robux,dragon,2026-09-03T17:30:26Z
p0029,egg_robux,dragon,2026-09-03T17:34:47Z
p0029,egg_robux,fox,2026-09-03T17:43:52Z
p0029,egg_robux,phoenix,2026-09-03T17:53:10Z
p0029,egg_robux,fox,2026-09-03T17:58:33Z
p0029,egg_robux,fox,2026-09-03T18:08:15Z
p0029,egg_robux,fox,2026-09-03T18:08:44Z
p0029,egg_robux,fox,2026-09-03T18:14:11Z
p0029,egg_robux,phoenix,2026-09-03T18:23:21Z
p0029,egg_robux,dragon,2026-09-03T18:26:39Z
p0029,egg_robux,fox,2026-09-03T18:33:00Z
p0030,egg_robux,dragon,2026-09-03T18:42:05Z
p0030,egg_robux,fox,2026-09-03T18:42:31Z
p0030,egg_robux,fox,2026-09-03T18:44:41Z
p0030,egg_robux,fox,2026-09-03T18:52:29Z
p0030,egg_robux,fox,2026-09-03T19:00:29Z
p0030,egg_robux,dragon,2026-09-03T19:02:18Z
p0030,egg_robux,phoenix,2026-09-03T19:07:36Z
p0030,egg_robux,fox,2026-09-03T19:08:12Z
p0030,egg_robux,fox,2026-09-03T19:12:16Z
p0030,egg_robux,fox,2026-09-03T19:20:56Z
p0030,egg_robux,fox,2026-09-03T19:21:04Z
p0030,egg_robux,fox,2026-09-03T19:22:50Z
p0030,egg_robux,fox,2026-09-03T19:24:30Z
p0030,egg_robux,fox,2026-09-03T19:29:08Z
p0030,egg_robux,fox,2026-09-03T19:38:07Z
p0030,egg_robux,fox,2026-09-03T19:41:48Z
p0030,egg_robux,fox,2026-09-03T19:46:46Z
p0030,egg_robux,fox,2026-09-03T19:56:25Z
p0030,egg_robux,dragon,2026-09-03T20:01:52Z
p0030,egg_robux,fox,2026-09-03T20:11:20Z
p0030,egg_robux,fox,2026-09-03T20:16:05Z
p0030,egg_robux,dragon,2026-09-03T20:16:51Z
p0030,egg_robux,dragon,2026-09-03T20:19:10Z
p0030,egg_robux,fox,2026-09-03T20:19:30Z
p0030,egg_robux,dragon,2026-09-03T20:29:19Z
p0030,egg_robux,fox,2026-09-03T20:36:44Z
p0030,egg_robux,fox,2026-09-03T20:44:38Z
p0030,egg_robux,fox,2026-09-03T20:53:00Z
p0030,egg_robux,dragon,2026-09-03T20:59:56Z
p0030,egg_robux,fox,2026-09-03T21:03:08Z
p0030,egg_robux,fox,2026-09-03T21:10:18Z
p0030,egg_robux,fox,2026-09-03T21:19:18Z
p0030,egg_robux,fox,2026-09-03T21:20:00Z
p0030,egg_robux,fox,2026-09-03T21:20:06Z
p0030,egg_robux,fox,2026-09-03T21:21:27Z
p0030,egg_robux,dragon,2026-09-03T21:24:26Z
p0030,egg_robux,fox,2026-09-03T21:29:58Z
p0030,egg_robux,dragon,2026-09-03T21:39:22Z
p0030,egg_robux,fox,2026-09-03T21:45:53Z
p0030,egg_robux,dragon,2026-09-03T21:49:42Z
p0030,egg_robux,fox,2026-09-03T21:55:39Z
p0030,egg_robux,dragon,2026-09-03T22:02:43Z
p0030,egg_robux,fox,2026-09-03T22:05:00Z
p0030,egg_robux,fox,2026-09-03T22:06:38Z
p0030,egg_robux,fox,2026-09-03T22:16:04Z
p0030,egg_robux,fox,2026-09-03T22:16:50Z
p0030,egg_robux,phoenix,2026-09-03T22:22:00Z
p0030,egg_robux,fox,2026-09-03T22:30:06Z
p0030,egg_robux,dragon,2026-09-03T22:34:48Z
p0030,egg_robux,fox,2026-09-03T22:42:59Z
p0030,egg_robux,fox,2026-09-03T22:46:07Z
p0030,egg_robux,fox,2026-09-03T22:51:27Z
p0030,egg_robux,fox,2026-09-03T22:56:03Z
p0030,egg_robux,dragon,2026-09-03T23:05:32Z
p0030,egg_robux,fox,2026-09-03T23:14:10Z
p0030,egg_robux,dragon,2026-09-03T23:21:56Z
p0031,egg_robux,fox,2026-09-03T23:24:28Z
p0031,egg_robux,fox,2026-09-03T23:32:41Z
p0031,egg_robux,dragon,2026-09-03T23:37:12Z
p0031,egg_robux,fox,2026-09-03T23:39:02Z
p0031,egg_robux,fox,2026-09-03T23:41:17Z
p0031,egg_robux,fox,2026-09-03T23:44:47Z
p0031,egg_robux,fox,2026-09-03T23:51:24Z
p0031,egg_robux,fox,2026-09-03T23:53:57Z
p0031,egg_robux,fox,2026-09-03T23:59:18Z
p0031,egg_robux,fox,2026-09-04T00:00:24Z
p0031,egg_robux,fox,2026-09-04T00:05:35Z
p0031,egg_robux,dragon,2026-09-04T00:12:55Z
p0032,egg_robux,fox,2026-09-04T00:21:23Z
p0032,egg_robux,dragon,2026-09-04T00:22:57Z
p0032,egg_robux,fox,2026-09-04T00:28:40Z
p0032,egg_robux,fox,2026-09-04T00:29:48Z
p0032,egg_robux,fox,2026-09-04T00:35:03Z
p0032,egg_robux,fox,2026-09-04T00:36:57Z
p0033,egg_robux,fox,2026-09-04T00:46:30Z
p0033,egg_robux,fox,2026-09-04T00:50:53Z
p0033,egg_robux,dragon,2026-09-04T00:55:53Z
p0033,egg_robux,fox,2026-09-04T01:04:31Z
p0033,egg_robux,fox,2026-09-04T01:11:47Z
p0033,egg_robux,fox,2026-09-04T01:14:26Z
p0033,egg_robux,dragon,2026-09-04T01:20:35Z
p0033,egg_robux,phoenix,2026-09-04T01:24:27Z
p0033,egg_robux,dragon,2026-09-04T01:26:46Z
p0033,egg_robux,fox,2026-09-04T01:34:04Z
p0033,egg_robux,fox,2026-09-04T01:42:00Z
p0033,egg_robux,fox,2026-09-04T01:43:17Z
p0033,egg_robux,dragon,2026-09-04T01:50:03Z
p0033,egg_robux,dragon,2026-09-04T01:57:43Z
p0033,egg_robux,dragon,2026-09-04T02:03:31Z
p0033,egg_robux,fox,2026-09-04T02:07:16Z
p0033,egg_robux,fox,2026-09-04T02:07:54Z
p0033,egg_robux,dragon,2026-09-04T02:09:47Z
p0033,egg_robux,dragon,2026-09-04T02:10:23Z
p0033,egg_robux,fox,2026-09-04T02:16:25Z
p0033,egg_robux,dragon,2026-09-04T02:19:14Z
p0033,egg_robux,fox,2026-09-04T02:28:29Z
p0033,egg_robux,dragon,2026-09-04T02:28:50Z
p0033,egg_robux,fox,2026-09-04T02:32:17Z
p0033,egg_robux,fox,2026-09-04T02:37:49Z
p0033,egg_robux,fox,2026-09-04T02:41:45Z
p0033,egg_robux,fox,2026-09-04T02:43:50Z
p0033,egg_robux,fox,2026-09-04T02:45:44Z
p0033,egg_robux,dragon,2026-09-04T02:51:43Z
p0033,egg_robux,fox,2026-09-04T02:57:56Z
p0033,egg_robux,fox,2026-09-04T03:06:11Z
p0033,egg_robux,dragon,2026-09-04T03:14:52Z
p0033,egg_robux,dragon,2026-09-04T03:16:26Z
p0033,egg_robux,dragon,2026-09-04T03:17:01Z
p0033,egg_robux,dragon,2026-09-04T03:26:41Z
p0033,egg_robux,dragon,2026-09-04T03:32:31Z
p0033,egg_robux,fox,2026-09-04T03:37:59Z
p0033,egg_robux,fox,2026-09-04T03:40:37Z
p0033,egg_robux,fox,2026-09-04T03:44:30Z
p0033,egg_robux,fox,2026-09-04T03:50:07Z
p0033,egg_robux,fox,2026-09-04T03:51:53Z
p0033,egg_robux,fox,2026-09-04T03:58:49Z
p0033,egg_robux,dragon,2026-09-04T04:05:37Z
p0033,egg_robux,dragon,2026-09-04T04:14:39Z
p0033,egg_robux,fox,2026-09-04T04:21:52Z
p0033,egg_robux,fox,2026-09-04T04:28:54Z
p0033,egg_robux,fox,2026-09-04T04:31:59Z
p0033,egg_robux,phoenix,2026-09-04T04:40:14Z
p0033,egg_robux,fox,2026-09-04T04:45:22Z
p0033,egg_robux,dragon,2026-09-04T04:48:19Z
p0033,egg_robux,fox,2026-09-04T04:52:55Z
p0033,egg_robux,fox,2026-09-04T04:56:01Z
p0033,egg_robux,dragon,2026-09-04T05:00:05Z
p0033,egg_robux,fox,2026-09-04T05:10:00Z
p0033,egg_robux,fox,2026-09-04T05:14:06Z
p0033,egg_robux,fox,2026-09-04T05:19:51Z
p0033,egg_robux,fox,2026-09-04T05:27:25Z
p0033,egg_robux,dragon,2026-09-04T05:37:09Z
p0033,egg_robux,dragon,2026-09-04T05:43:00Z
p0033,egg_robux,fox,2026-09-04T05:51:57Z
p0033,egg_robux,fox,2026-09-04T05:54:41Z
p0033,egg_robux,fox,2026-09-04T06:03:30Z
p0033,egg_robux,fox,2026-09-04T06:09:26Z
p0033,egg_robux,fox,2026-09-04T06:14:43Z
p0033,egg_robux,fox,2026-09-04T06:20:26Z
p0033,egg_robux,fox,2026-09-04T06:23:08Z
p0033,egg_robux,fox,2026-09-04T06:27:06Z
p0033,egg_robux,dragon,2026-09-04T06:32:58Z
p0033,egg_robux,fox,2026-09-04T06:38:30Z
p0033,egg_robux,fox,2026-09-04T06:46:13Z
p0033,egg_robux,fox,2026-09-04T06:49:57Z
p0033,egg_robux,dragon,2026-09-04T06:53:48Z
p0033,egg_robux,dragon,2026-09-04T06:59:51Z
p0033,egg_robux,dragon,2026-09-04T07:05:58Z
p0033,egg_robux,fox,2026-09-04T07:06:22Z
p0033,egg_robux,dragon,2026-09-04T07:11:01Z
p0033,egg_robux,fox,2026-09-04T07:17:50Z
p0033,egg_robux,fox,2026-09-04T07:19:28Z
p0033,egg_robux,fox,2026-09-04T07:28:09Z
p0033,egg_robux,fox,2026-09-04T07:31:08Z
p0033,egg_robux,fox,2026-09-04T07:31:25Z
p0033,egg_robux,fox,2026-09-04T07:32:58Z
p0033,egg_robux,fox,2026-09-04T07:35:02Z
p0033,egg_robux,fox,2026-09-04T07:38:00Z
p0033,egg_robux,phoenix,2026-09-04T07:40:25Z
p0033,egg_robux,dragon,2026-09-04T07:48:40Z
p0033,egg_robux,fox,2026-09-04T07:56:08Z
p0033,egg_robux,fox,2026-09-04T07:57:03Z
p0033,egg_robux,dragon,2026-09-04T08:02:13Z
p0033,egg_robux,fox,2026-09-04T08:02:43Z
p0033,egg_robux,fox,2026-09-04T08:06:35Z
p0033,egg_robux,fox,2026-09-04T08:09:26Z
p0033,egg_robux,phoenix,2026-09-04T08:13:47Z
p0033,egg_robux,fox,2026-09-04T08:22:03Z
p0033,egg_robux,fox,2026-09-04T08:23:26Z
p0033,egg_robux,fox,2026-09-04T08:27:06Z
p0033,egg_robux,fox,2026-09-04T08:32:21Z
p0033,egg_robux,fox,2026-09-04T08:41:00Z
p0033,egg_robux,fox,2026-09-04T08:49:00Z
p0033,egg_robux,dragon,2026-09-04T08:55:39Z
p0033,egg_robux,fox,2026-09-04T09:01:49Z
p0033,egg_robux,fox,2026-09-04T09:04:03Z
p0033,egg_robux,fox,2026-09-04T09:10:47Z
p0033,egg_robux,fox,2026-09-04T09:17:43Z
p0033,egg_robux,fox,2026-09-04T09:25:09Z
p0033,egg_robux,fox,2026-09-04T09:33:11Z
p0033,egg_robux,dragon,2026-09-04T09:33:12Z
p0033,egg_robux,fox,2026-09-04T09:38:11Z
p0033,egg_robux,fox,2026-09-04T09:39:18Z
p0033,egg_robux,dragon,2026-09-04T09:45:42Z
p0033,egg_robux,fox,2026-09-04T09:52:26Z
p0033,egg_robux,fox,2026-09-04T09:57:02Z
p0033,egg_robux,fox,2026-09-04T10:05:13Z
p0033,egg_robux,fox,2026-09-04T10:10:32Z
p0033,egg_robux,dragon,2026-09-04T10:15:18Z
p0033,egg_robux,fox,2026-09-04T10:25:07Z
p0033,egg_robux,fox,2026-09-04T10:26:51Z
p0033,egg_robux,dragon,2026-09-04T10:29:05Z
p0033,egg_robux,fox,2026-09-04T10:38:02Z
p0033,egg_robux,fox,2026-09-04T10:39:59Z
p0034,egg_robux,dragon,2026-09-04T10:40:34Z
p0034,egg_robux,fox,2026-09-04T10:44:06Z
p0034,egg_robux,dragon,2026-09-04T10:51:22Z
p0034,egg_robux,dragon,2026-09-04T11:00:13Z
p0034,egg_robux,dragon,2026-09-04T11:09:44Z
p0034,egg_robux,fox,2026-09-04T11:11:31Z
p0034,egg_robux,fox,2026-09-04T11:13:36Z
p0034,egg_robux,dragon,2026-09-04T11:16:03Z
p0034,egg_robux,fox,2026-09-04T11:22:14Z
p0034,egg_robux,fox,2026-09-04T11:22:43Z
p0034,egg_robux,fox,2026-09-04T11:25:54Z
p0034,egg_robux,fox,2026-09-04T11:29:17Z
p0034,egg_robux,dragon,2026-09-04T11:33:50Z
p0034,egg_robux,fox,2026-09-04T11:43:12Z
p0035,egg_robux,dragon,2026-09-04T11:43:50Z
p0035,egg_robux,fox,2026-09-04T11:46:55Z
p0035,egg_robux,fox,2026-09-04T11:56:05Z
p0035,egg_robux,fox,2026-09-04T12:03:41Z
p0035,egg_robux,fox,2026-09-04T12:13:35Z
p0035,egg_robux,dragon,2026-09-04T12:19:15Z
p0035,egg_robux,dragon,2026-09-04T12:28:13Z
p0035,egg_robux,fox,2026-09-04T12:33:11Z
p0035,egg_robux,fox,2026-09-04T12:36:51Z
p0035,egg_robux,fox,2026-09-04T12:40:12Z
p0035,egg_robux,fox,2026-09-04T12:43:59Z
p0035,egg_robux,fox,2026-09-04T12:51:24Z
p0035,egg_robux,dragon,2026-09-04T13:01:11Z
p0035,egg_robux,fox,2026-09-04T13:08:42Z
p0035,egg_robux,fox,2026-09-04T13:11:33Z
p0035,egg_robux,fox,2026-09-04T13:16:37Z
p0035,egg_robux,dragon,2026-09-04T13:18:40Z
p0035,egg_robux,phoenix,2026-09-04T13:19:41Z
p0035,egg_robux,phoenix,2026-09-04T13:23:01Z
p0035,egg_robux,fox,2026-09-04T13:23:08Z
p0036,egg_robux,dragon,2026-09-04T13:26:09Z
p0036,egg_robux,dragon,2026-09-04T13:30:20Z
p0036,egg_robux,fox,2026-09-04T13:36:56Z
p0036,egg_robux,fox,2026-09-04T13:46:41Z
p0036,egg_robux,fox,2026-09-04T13:54:49Z
p0036,egg_robux,dragon,2026-09-04T13:58:43Z
p0036,egg_robux,dragon,2026-09-04T14:06:30Z
p0036,egg_robux,fox,2026-09-04T14:16:06Z
p0036,egg_robux,fox,2026-09-04T14:24:58Z
p0036,egg_robux,fox,2026-09-04T14:31:56Z
p0037,egg_robux,fox,2026-09-04T14:40:57Z
p0037,egg_robux,fox,2026-09-04T14:42:14Z
p0037,egg_robux,fox,2026-09-04T14:44:47Z
p0037,egg_robux,fox,2026-09-04T14:51:13Z
p0037,egg_robux,dragon,2026-09-04T14:54:06Z
p0037,egg_robux,fox,2026-09-04T14:59:24Z
p0037,egg_robux,fox,2026-09-04T15:01:13Z
p0037,egg_robux,fox,2026-09-04T15:02:10Z
p0037,egg_robux,dragon,2026-09-04T15:04:46Z
p0037,egg_robux,fox,2026-09-04T15:08:42Z
p0038,egg_robux,fox,2026-09-04T15:12:17Z
p0038,egg_robux,dragon,2026-09-04T15:17:23Z
p0038,egg_robux,dragon,2026-09-04T15:22:05Z
p0038,egg_robux,fox,2026-09-04T15:25:34Z
p0038,egg_robux,fox,2026-09-04T15:31:09Z
p0038,egg_robux,fox,2026-09-04T15:34:20Z
p0038,egg_robux,dragon,2026-09-04T15:35:42Z
p0038,egg_robux,fox,2026-09-04T15:41:53Z
p0038,egg_robux,fox,2026-09-04T15:42:46Z
p0038,egg_robux,dragon,2026-09-04T15:46:40Z
p0038,egg_robux,fox,2026-09-04T15:50:20Z
p0038,egg_robux,fox,2026-09-04T15:53:18Z
p0038,egg_robux,fox,2026-09-04T15:56:28Z
p0038,egg_robux,dragon,2026-09-04T15:59:16Z
p0039,egg_robux,dragon,2026-09-04T16:08:11Z
p0039,egg_robux,dragon,2026-09-04T16:10:19Z
p0039,egg_robux,fox,2026-09-04T16:14:25Z
p0039,egg_robux,fox,2026-09-04T16:17:00Z
p0039,egg_robux,fox,2026-09-04T16:24:52Z
p0039,egg_robux,fox,2026-09-04T16:27:56Z
p0039,egg_robux,fox,2026-09-04T16:37:24Z
p0039,egg_robux,fox,2026-09-04T16:38:55Z
p0039,egg_robux,fox,2026-09-04T16:42:21Z
p0039,egg_robux,dragon,2026-09-04T16:52:03Z
p0039,egg_robux,fox,2026-09-04T16:58:37Z
p0039,egg_robux,fox,2026-09-04T17:00:05Z
p0039,egg_robux,fox,2026-09-04T17:06:56Z
p0039,egg_robux,dragon,2026-09-04T17:08:47Z
p0039,egg_robux,fox,2026-09-04T17:10:26Z
p0039,egg_robux,dragon,2026-09-04T17:13:24Z
p0039,egg_robux,fox,2026-09-04T17:22:47Z
p0039,egg_robux,phoenix,2026-09-04T17:32:17Z
p0039,egg_robux,fox,2026-09-04T17:35:07Z
p0039,egg_robux,fox,2026-09-04T17:38:58Z
p0039,egg_robux,fox,2026-09-04T17:43:21Z
p0039,egg_robux,dragon,2026-09-04T17:48:10Z
p0039,egg_robux,fox,2026-09-04T17:55:26Z
p0039,egg_robux,fox,2026-09-04T17:57:22Z
p0039,egg_robux,fox,2026-09-04T17:58:08Z
p0039,egg_robux,fox,2026-09-04T18:05:18Z
p0039,egg_robux,fox,2026-09-04T18:14:12Z
p0039,egg_robux,dragon,2026-09-04T18:15:25Z
p0039,egg_robux,dragon,2026-09-04T18:21:57Z
p0039,egg_robux,fox,2026-09-04T18:23:01Z
p0039,egg_robux,fox,2026-09-04T18:26:40Z
p0039,egg_robux,fox,2026-09-04T18:31:50Z
p0039,egg_robux,fox,2026-09-04T18:34:01Z
p0039,egg_robux,fox,2026-09-04T18:38:17Z
p0039,egg_robux,fox,2026-09-04T18:42:38Z
p0039,egg_robux,fox,2026-09-04T18:46:07Z
p0039,egg_robux,fox,2026-09-04T18:47:30Z
p0039,egg_robux,fox,2026-09-04T18:53:22Z
p0039,egg_robux,fox,2026-09-04T19:03:23Z
p0039,egg_robux,fox,2026-09-04T19:07:21Z
p0039,egg_robux,dragon,2026-09-04T19:10:20Z
p0039,egg_robux,dragon,2026-09-04T19:12:35Z
p0040,egg_robux,fox,2026-09-04T19:18:33Z
p0040,egg_robux,fox,2026-09-04T19:22:07Z
p0040,egg_robux,fox,2026-09-04T19:23:10Z
p0040,egg_robux,fox,2026-09-04T19:29:26Z
p0040,egg_robux,fox,2026-09-04T19:37:29Z
p0040,egg_robux,dragon,2026-09-04T19:43:40Z
p0040,egg_robux,fox,2026-09-04T19:53:01Z
p0040,egg_robux,fox,2026-09-04T19:54:50Z
p0040,egg_robux,dragon,2026-09-04T20:00:10Z
p0040,egg_robux,fox,2026-09-04T20:03:09Z
p0040,egg_robux,fox,2026-09-04T20:07:28Z
p0040,egg_robux,fox,2026-09-04T20:10:31Z
p0040,egg_robux,dragon,2026-09-04T20:10:33Z
p0040,egg_robux,fox,2026-09-04T20:18:06Z
p0040,egg_robux,fox,2026-09-04T20:18:35Z
p0040,egg_robux,fox,2026-09-04T20:26:49Z
p0040,egg_robux,fox,2026-09-04T20:34:30Z
p0040,egg_robux,fox,2026-09-04T20:39:12Z
p0040,egg_robux,fox,2026-09-04T20:43:46Z
p0040,egg_robux,dragon,2026-09-04T20:47:33Z
p0040,egg_robux,fox,2026-09-04T20:54:58Z
p0040,egg_robux,fox,2026-09-04T20:59:53Z
p0040,egg_robux,fox,2026-09-04T21:00:43Z
p0040,egg_robux,fox,2026-09-04T21:03:16Z
p0040,egg_robux,dragon,2026-09-04T21:06:57Z
p0040,egg_robux,dragon,2026-09-04T21:15:35Z
p0040,egg_robux,fox,2026-09-04T21:19:14Z
p0040,egg_robux,fox,2026-09-04T21:28:51Z
p0040,egg_robux,fox,2026-09-04T21:30:08Z
p0040,egg_robux,dragon,2026-09-04T21:32:44Z
p0040,egg_robux,fox,2026-09-04T21:35:31Z
p0040,egg_robux,fox,2026-09-04T21:41:10Z
p0040,egg_robux,fox,2026-09-04T21:48:11Z
p0040,egg_robux,dragon,2026-09-04T21:57:29Z
p0040,egg_robux,dragon,2026-09-04T22:01:53Z
p0040,egg_robux,fox,2026-09-04T22:05:48Z
p0040,egg_robux,dragon,2026-09-04T22:06:50Z
p0040,egg_robux,dragon,2026-09-04T22:08:18Z
p0040,egg_robux,fox,2026-09-04T22:14:03Z
p0040,egg_robux,phoenix,2026-09-04T22:21:08Z
p0040,egg_robux,dragon,2026-09-04T22:30:35Z
p0040,egg_robux,dragon,2026-09-04T22:40:06Z
p0040,egg_robux,fox,2026-09-04T22:48:48Z
p0040,egg_robux,fox,2026-09-04T22:50:13Z
p0040,egg_robux,fox,2026-09-04T22:52:28Z
p0040,egg_robux,dragon,2026-09-04T22:57:47Z
p0040,egg_robux,fox,2026-09-04T23:02:45Z
p0040,egg_robux,fox,2026-09-04T23:09:35Z
p0040,egg_robux,fox,2026-09-04T23:13:20Z
p0040,egg_robux,fox,2026-09-04T23:20:47Z
p0040,egg_robux,fox,2026-09-04T23:30:06Z
p0040,egg_robux,fox,2026-09-04T23:37:18Z
p0040,egg_robux,dragon,2026-09-04T23:41:39Z
p0040,egg_robux,fox,2026-09-04T23:50:07Z
p0040,egg_robux,fox,2026-09-04T23:57:33Z
p0040,egg_robux,dragon,2026-09-05T00:06:32Z
p0040,egg_robux,fox,2026-09-05T00:14:52Z
p0040,egg_robux,dragon,2026-09-05T00:17:49Z
p0040,egg_robux,fox,2026-09-05T00:24:31Z
p0040,egg_robux,fox,2026-09-05T00:31:48Z
p0040,egg_robux,dragon,2026-09-05T00:38:00Z
p0040,egg_robux,dragon,2026-09-05T00:40:05Z
p0040,egg_robux,dragon,2026-09-05T00:48:55Z
p0040,egg_robux,dragon,2026-09-05T00:54:41Z
p0040,egg_robux,dragon,2026-09-05T01:04:37Z
p0040,egg_robux,fox,2026-09-05T01:10:28Z
p0040,egg_robux,fox,2026-09-05T01:16:24Z
p0040,egg_robux,fox,2026-09-05T01:20:24Z
p0040,egg_robux,dragon,2026-09-05T01:26:27Z
p0040,egg_robux,fox,2026-09-05T01:30:09Z
p0040,egg_robux,fox,2026-09-05T01:32:27Z
p0040,egg_robux,fox,2026-09-05T01:34:51Z
p0040,egg_robux,fox,2026-09-05T01:35:27Z
p0041,egg_robux,fox,2026-09-05T01:39:23Z
p0041,egg_robux,fox,2026-09-05T01:39:45Z
p0041,egg_robux,fox,2026-09-05T01:40:16Z
p0041,egg_robux,fox,2026-09-05T01:50:00Z
p0041,egg_robux,fox,2026-09-05T01:57:28Z
p0041,egg_robux,fox,2026-09-05T02:02:15Z
p0041,egg_robux,fox,2026-09-05T02:09:01Z
p0041,egg_robux,fox,2026-09-05T02:10:35Z
p0041,egg_robux,fox,2026-09-05T02:16:25Z
p0041,egg_robux,dragon,2026-09-05T02:21:38Z
p0041,egg_robux,dragon,2026-09-05T02:22:47Z
p0042,egg_robux,dragon,2026-09-05T02:24:01Z
p0042,egg_robux,fox,2026-09-05T02:29:57Z
p0042,egg_robux,fox,2026-09-05T02:35:15Z
p0042,egg_robux,dragon,2026-09-05T02:38:47Z
p0042,egg_robux,dragon,2026-09-05T02:47:45Z
p0042,egg_robux,fox,2026-09-05T02:57:37Z
p0042,egg_robux,fox,2026-09-05T02:57:51Z
p0042,egg_robux,fox,2026-09-05T03:05:41Z
p0042,egg_robux,fox,2026-09-05T03:14:17Z
p0042,egg_robux,dragon,2026-09-05T03:14:55Z
p0042,egg_robux,fox,2026-09-05T03:23:57Z
p0042,egg_robux,fox,2026-09-05T03:25:02Z
p0042,egg_robux,dragon,2026-09-05T03:26:51Z
p0042,egg_robux,dragon,2026-09-05T03:35:54Z
p0042,egg_robux,fox,2026-09-05T03:40:24Z
p0042,egg_robux,fox,2026-09-05T03:44:01Z
p0042,egg_robux,fox,2026-09-05T03:45:45Z
p0042,egg_robux,fox,2026-09-05T03:53:32Z
p0042,egg_robux,dragon,2026-09-05T03:54:39Z
p0042,egg_robux,fox,2026-09-05T03:56:34Z
p0042,egg_robux,dragon,2026-09-05T03:58:06Z
p0042,egg_robux,fox,2026-09-05T04:02:40Z
p0042,egg_robux,dragon,2026-09-05T04:09:19Z
p0042,egg_robux,fox,2026-09-05T04:16:34Z
p0042,egg_robux,fox,2026-09-05T04:22:41Z
p0042,egg_robux,phoenix,2026-09-05T04:26:11Z
p0042,egg_robux,fox,2026-09-05T04:33:58Z
p0042,egg_robux,fox,2026-09-05T04:41:24Z
p0042,egg_robux,fox,2026-09-05T04:50:23Z
p0042,egg_robux,fox,2026-09-05T04:51:07Z
p0042,egg_robux,dragon,2026-09-05T04:51:54Z
p0042,egg_robux,fox,2026-09-05T04:55:49Z
p0043,egg_robux,phoenix,2026-09-05T05:02:59Z
p0043,egg_robux,dragon,2026-09-05T05:05:29Z
p0043,egg_robux,fox,2026-09-05T05:13:31Z
p0043,egg_robux,fox,2026-09-05T05:17:48Z
p0043,egg_robux,fox,2026-09-05T05:23:17Z
p0043,egg_robux,fox,2026-09-05T05:30:54Z
p0043,egg_robux,fox,2026-09-05T05:36:41Z
p0043,egg_robux,fox,2026-09-05T05:39:27Z
p0043,egg_robux,dragon,2026-09-05T05:44:03Z
p0043,egg_robux,fox,2026-09-05T05:45:07Z
p0043,egg_robux,dragon,2026-09-05T05:45:48Z
p0044,egg_robux,dragon,2026-09-05T05:50:59Z
p0044,egg_robux,dragon,2026-09-05T05:58:45Z
p0044,egg_robux,fox,2026-09-05T06:07:19Z
p0044,egg_robux,fox,2026-09-05T06:11:58Z
p0044,egg_robux,fox,2026-09-05T06:19:09Z
p0044,egg_robux,dragon,2026-09-05T06:19:38Z
p0044,egg_robux,fox,2026-09-05T06:23:43Z
p0044,egg_robux,fox,2026-09-05T06:27:07Z
p0044,egg_robux,fox,2026-09-05T06:36:32Z
p0044,egg_robux,dragon,2026-09-05T06:37:59Z
p0044,egg_robux,fox,2026-09-05T06:45:40Z
p0044,egg_robux,fox,2026-09-05T06:54:30Z
p0044,egg_robux,fox,2026-09-05T06:59:34Z
p0044,egg_robux,dragon,2026-09-05T07:09:26Z
p0044,egg_robux,fox,2026-09-05T07:14:20Z
p0044,egg_robux,fox,2026-09-05T07:20:12Z
p0044,egg_robux,fox,2026-09-05T07:28:05Z
p0044,egg_robux,fox,2026-09-05T07:31:20Z
p0044,egg_robux,dragon,2026-09-05T07:32:48Z
p0044,egg_robux,fox,2026-09-05T07:34:46Z
p0044,egg_robux,dragon,2026-09-05T07:43:44Z
p0044,egg_robux,fox,2026-09-05T07:47:58Z
p0044,egg_robux,fox,2026-09-05T07:52:22Z
p0044,egg_robux,fox,2026-09-05T07:54:42Z
p0044,egg_robux,dragon,2026-09-05T08:02:17Z
p0044,egg_robux,dragon,2026-09-05T08:03:39Z
p0044,egg_robux,fox,2026-09-05T08:12:09Z
p0044,egg_robux,fox,2026-09-05T08:17:40Z
p0044,egg_robux,fox,2026-09-05T08:26:25Z
p0044,egg_robux,dragon,2026-09-05T08:30:52Z
p0044,egg_robux,fox,2026-09-05T08:33:31Z
p0044,egg_robux,fox,2026-09-05T08:40:05Z
p0044,egg_robux,fox,2026-09-05T08:47:50Z
p0044,egg_robux,fox,2026-09-05T08:56:00Z
p0044,egg_robux,phoenix,2026-09-05T08:56:54Z
p0044,egg_robux,fox,2026-09-05T09:04:33Z
p0044,egg_robux,fox,2026-09-05T09:09:34Z
p0044,egg_robux,fox,2026-09-05T09:11:28Z
p0044,egg_robux,fox,2026-09-05T09:15:16Z
p0044,egg_robux,fox,2026-09-05T09:20:52Z
p0044,egg_robux,phoenix,2026-09-05T09:25:33Z
p0044,egg_robux,fox,2026-09-05T09:26:04Z
p0044,egg_robux,fox,2026-09-05T09:30:55Z
p0044,egg_robux,fox,2026-09-05T09:32:04Z
p0044,egg_robux,dragon,2026-09-05T09:40:03Z
p0044,egg_robux,dragon,2026-09-05T09:48:50Z
p0044,egg_robux,fox,2026-09-05T09:51:44Z
p0044,egg_robux,dragon,2026-09-05T10:00:38Z
p0044,egg_robux,dragon,2026-09-05T10:00:54Z
p0044,egg_robux,fox,2026-09-05T10:08:56Z
p0044,egg_robux,fox,2026-09-05T10:15:49Z
p0044,egg_robux,fox,2026-09-05T10:20:59Z
p0044,egg_robux,fox,2026-09-05T10:23:27Z
p0044,egg_robux,dragon,2026-09-05T10:27:53Z
p0044,egg_robux,fox,2026-09-05T10:37:27Z
p0044,egg_robux,fox,2026-09-05T10:43:16Z
p0044,egg_robux,dragon,2026-09-05T10:44:43Z
p0044,egg_robux,fox,2026-09-05T10:53:40Z
p0044,egg_robux,fox,2026-09-05T11:02:49Z
p0044,egg_robux,dragon,2026-09-05T11:08:02Z
p0044,egg_robux,fox,2026-09-05T11:16:21Z
p0044,egg_robux,fox,2026-09-05T11:22:33Z
p0044,egg_robux,fox,2026-09-05T11:24:06Z
p0044,egg_robux,fox,2026-09-05T11:24:28Z
p0044,egg_robux,fox,2026-09-05T11:29:30Z
p0044,egg_robux,fox,2026-09-05T11:37:45Z
p0044,egg_robux,fox,2026-09-05T11:42:24Z
p0044,egg_robux,dragon,2026-09-05T11:44:55Z
p0044,egg_robux,fox,2026-09-05T11:48:03Z
p0044,egg_robux,fox,2026-09-05T11:57:37Z
p0045,egg_robux,fox,2026-09-05T11:58:38Z
p0045,egg_robux,fox,2026-09-05T12:05:26Z
p0045,egg_robux,fox,2026-09-05T12:09:56Z
p0045,egg_robux,fox,2026-09-05T12:11:23Z
p0045,egg_robux,fox,2026-09-05T12:15:48Z
p0045,egg_robux,fox,2026-09-05T12:23:04Z
p0045,egg_robux,phoenix,2026-09-05T12:28:34Z
p0045,egg_robux,fox,2026-09-05T12:29:08Z
p0045,egg_robux,fox,2026-09-05T12:37:52Z
p0045,egg_robux,fox,2026-09-05T12:42:24Z
p0045,egg_robux,dragon,2026-09-05T12:48:11Z
p0045,egg_robux,fox,2026-09-05T12:52:51Z
p0045,egg_robux,dragon,2026-09-05T13:01:27Z
p0045,egg_robux,fox,2026-09-05T13:10:42Z
p0045,egg_robux,fox,2026-09-05T13:13:18Z
p0045,egg_robux,dragon,2026-09-05T13:13:28Z
p0045,egg_robux,dragon,2026-09-05T13:16:36Z
p0045,egg_robux,fox,2026-09-05T13:24:56Z
p0045,egg_robux,fox,2026-09-05T13:34:44Z
p0045,egg_robux,dragon,2026-09-05T13:36:38Z
p0045,egg_robux,fox,2026-09-05T13:36:39Z
p0045,egg_robux,fox,2026-09-05T13:41:41Z
p0045,egg_robux,phoenix,2026-09-05T13:50:59Z
p0045,egg_robux,fox,2026-09-05T13:56:38Z
p0045,egg_robux,fox,2026-09-05T14:00:29Z
p0045,egg_robux,fox,2026-09-05T14:07:59Z
p0045,egg_robux,fox,2026-09-05T14:10:22Z
p0045,egg_robux,fox,2026-09-05T14:11:49Z
p0045,egg_robux,fox,2026-09-05T14:20:58Z
p0045,egg_robux,dragon,2026-09-05T14:21:53Z
p0045,egg_robux,fox,2026-09-05T14:27:00Z
p0045,egg_robux,fox,2026-09-05T14:31:52Z
p0045,egg_robux,fox,2026-09-05T14:40:15Z
p0045,egg_robux,dragon,2026-09-05T14:42:45Z
p0045,egg_robux,dragon,2026-09-05T14:46:22Z
p0045,egg_robux,fox,2026-09-05T14:46:45Z
p0045,egg_robux,fox,2026-09-05T14:50:17Z
p0045,egg_robux,fox,2026-09-05T14:58:57Z
p0045,egg_robux,fox,2026-09-05T15:00:42Z
p0045,egg_robux,fox,2026-09-05T15:05:39Z
p0045,egg_robux,fox,2026-09-05T15:07:46Z
p0045,egg_robux,fox,2026-09-05T15:17:30Z
p0045,egg_robux,fox,2026-09-05T15:21:00Z
p0045,egg_robux,fox,2026-09-05T15:27:02Z
p0045,egg_robux,dragon,2026-09-05T15:30:04Z
p0045,egg_robux,dragon,2026-09-05T15:39:57Z
p0045,egg_robux,fox,2026-09-05T15:45:24Z
p0045,egg_robux,dragon,2026-09-05T15:45:38Z
p0045,egg_robux,fox,2026-09-05T15:47:30Z
p0045,egg_robux,dragon,2026-09-05T15:54:17Z
p0045,egg_robux,fox,2026-09-05T15:54:41Z
p0045,egg_robux,fox,2026-09-05T16:00:20Z
p0045,egg_robux,fox,2026-09-05T16:01:24Z
p0045,egg_robux,fox,2026-09-05T16:10:22Z
p0045,egg_robux,fox,2026-09-05T16:18:59Z
p0045,egg_robux,fox,2026-09-05T16:20:42Z
p0045,egg_robux,fox,2026-09-05T16:27:19Z
p0045,egg_robux,fox,2026-09-05T16:33:16Z
p0045,egg_robux,dragon,2026-09-05T16:35:16Z
p0045,egg_robux,fox,2026-09-05T16:36:30Z
p0046,egg_robux,dragon,2026-09-05T16:41:25Z
p0046,egg_robux,fox,2026-09-05T16:51:07Z
p0046,egg_robux,dragon,2026-09-05T16:59:02Z
p0046,egg_robux,fox,2026-09-05T17:06:42Z
p0046,egg_robux,fox,2026-09-05T17:07:02Z
p0046,egg_robux,dragon,2026-09-05T17:09:10Z
p0046,egg_robux,fox,2026-09-05T17:17:33Z
p0046,egg_robux,dragon,2026-09-05T17:19:36Z
p0046,egg_robux,fox,2026-09-05T17:24:24Z
p0046,egg_robux,fox,2026-09-05T17:28:30Z
p0046,egg_robux,fox,2026-09-05T17:30:23Z
p0046,egg_robux,fox,2026-09-05T17:33:05Z
p0046,egg_robux,fox,2026-09-05T17:34:29Z
p0046,egg_robux,fox,2026-09-05T17:37:29Z
p0046,egg_robux,fox,2026-09-05T17:46:09Z
p0046,egg_robux,fox,2026-09-05T17:50:41Z
p0046,egg_robux,fox,2026-09-05T17:57:56Z
p0046,egg_robux,fox,2026-09-05T17:58:08Z
p0046,egg_robux,fox,2026-09-05T18:06:38Z
p0046,egg_robux,dragon,2026-09-05T18:13:40Z
p0046,egg_robux,dragon,2026-09-05T18:13:58Z
p0046,egg_robux,fox,2026-09-05T18:16:30Z
p0046,egg_robux,fox,2026-09-05T18:22:37Z
p0046,egg_robux,fox,2026-09-05T18:23:57Z
p0046,egg_robux,fox,2026-09-05T18:27:07Z
p0046,egg_robux,fox,2026-09-05T18:37:03Z
p0046,egg_robux,fox,2026-09-05T18:46:15Z
p0046,egg_robux,fox,2026-09-05T18:51:01Z
p0047,egg_robux,fox,2026-09-05T18:55:56Z
p0047,egg_robux,fox,2026-09-05T19:00:44Z
p0048,egg_robux,fox,2026-09-05T19:07:35Z
p0048,egg_robux,fox,2026-09-05T19:17:12Z
p0048,egg_robux,fox,2026-09-05T19:21:14Z
p0048,egg_robux,fox,2026-09-05T19:27:24Z
p0048,egg_robux,dragon,2026-09-05T19:28:24Z
p0048,egg_robux,fox,2026-09-05T19:29:17Z
p0048,egg_robux,fox,2026-09-05T19:29:19Z
p0048,egg_robux,fox,2026-09-05T19:38:27Z
p0048,egg_robux,dragon,2026-09-05T19:46:19Z
p0048,egg_robux,fox,2026-09-05T19:52:22Z
p0048,egg_robux,dragon,2026-09-05T19:56:17Z
p0048,egg_robux,fox,2026-09-05T20:04:44Z
p0048,egg_robux,dragon,2026-09-05T20:09:36Z
p0048,egg_robux,dragon,2026-09-05T20:13:06Z
p0048,egg_robux,fox,2026-09-05T20:18:27Z
p0048,egg_robux,fox,2026-09-05T20:21:28Z
p0048,egg_robux,fox,2026-09-05T20:25:12Z
p0048,egg_robux,dragon,2026-09-05T20:30:44Z
p0048,egg_robux,fox,2026-09-05T20:30:54Z
p0048,egg_robux,fox,2026-09-05T20:35:00Z
p0048,egg_robux,fox,2026-09-05T20:42:03Z
p0048,egg_robux,fox,2026-09-05T20:51:43Z
p0048,egg_robux,fox,2026-09-05T21:00:23Z
p0048,egg_robux,fox,2026-09-05T21:04:37Z
p0049,egg_robux,dragon,2026-09-05T21:05:31Z
p0049,egg_robux,fox,2026-09-05T21:12:31Z
p0049,egg_robux,fox,2026-09-05T21:16:10Z
p0049,egg_robux,fox,2026-09-05T21:19:43Z
p0049,egg_robux,dragon,2026-09-05T21:27:34Z
p0049,egg_robux,fox,2026-09-05T21:31:16Z
p0049,egg_robux,fox,2026-09-05T21:32:39Z
p0049,egg_robux,fox,2026-09-05T21:41:55Z
p0049,egg_robux,dragon,2026-09-05T21:47:48Z
p0049,egg_robux,fox,2026-09-05T21:49:02Z
p0049,egg_robux,fox,2026-09-05T21:52:35Z
p0049,egg_robux,fox,2026-09-05T21:57:31Z
p0049,egg_robux,fox,2026-09-05T21:57:55Z
p0049,egg_robux,fox,2026-09-05T21:59:35Z
p0049,egg_robux,fox,2026-09-05T22:06:02Z
p0049,egg_robux,fox,2026-09-05T22:09:40Z
p0049,egg_robux,fox,2026-09-05T22:13:21Z
p0049,egg_robux,fox,2026-09-05T22:17:44Z
p0049,egg_robux,fox,2026-09-05T22:27:32Z
p0049,egg_robux,fox,2026-09-05T22:33:05Z
p0049,egg_robux,dragon,2026-09-05T22:36:47Z
p0049,egg_robux,dragon,2026-09-05T22:44:57Z
p0049,egg_robux,dragon,2026-09-05T22:48:10Z
p0049,egg_robux,fox,2026-09-05T22:56:44Z
p0049,egg_robux,fox,2026-09-05T23:01:40Z
p0049,egg_robux,dragon,2026-09-05T23:08:58Z
p0049,egg_robux,fox,2026-09-05T23:13:20Z
p0049,egg_robux,fox,2026-09-05T23:21:08Z
p0049,egg_robux,fox,2026-09-05T23:29:53Z
p0049,egg_robux,fox,2026-09-05T23:30:03Z
p0049,egg_robux,dragon,2026-09-05T23:32:13Z
p0049,egg_robux,fox,2026-09-05T23:36:10Z
p0049,egg_robux,fox,2026-09-05T23:46:05Z
p0049,egg_robux,phoenix,2026-09-05T23:47:43Z
p0049,egg_robux,fox,2026-09-05T23:50:37Z
p0049,egg_robux,fox,2026-09-05T23:54:59Z
p0049,egg_robux,fox,2026-09-06T00:01:57Z
p0049,egg_robux,fox,2026-09-06T00:08:29Z
p0049,egg_robux,fox,2026-09-06T00:13:50Z
p0049,egg_robux,fox,2026-09-06T00:14:40Z
p0049,egg_robux,fox,2026-09-06T00:18:30Z
p0049,egg_robux,fox,2026-09-06T00:19:53Z
p0049,egg_robux,fox,2026-09-06T00:20:34Z
p0049,egg_robux,fox,2026-09-06T00:29:05Z
p0049,egg_robux,fox,2026-09-06T00:38:31Z
p0049,egg_robux,fox,2026-09-06T00:47:55Z
p0049,egg_robux,dragon,2026-09-06T00:53:57Z
p0049,egg_robux,dragon,2026-09-06T01:01:17Z
p0049,egg_robux,dragon,2026-09-06T01:04:17Z
p0049,egg_robux,fox,2026-09-06T01:09:18Z
p0049,egg_robux,fox,2026-09-06T01:13:48Z
p0049,egg_robux,fox,2026-09-06T01:21:56Z
p0049,egg_robux,dragon,2026-09-06T01:25:10Z
p0049,egg_robux,dragon,2026-09-06T01:32:06Z
p0049,egg_robux,fox,2026-09-06T01:33:53Z
p0049,egg_robux,fox,2026-09-06T01:34:05Z
p0049,egg_robux,fox,2026-09-06T01:41:26Z
p0049,egg_robux,fox,2026-09-06T01:50:01Z
p0049,egg_robux,dragon,2026-09-06T01:57:50Z
p0049,egg_robux,fox,2026-09-06T02:02:43Z
p0049,egg_robux,fox,2026-09-06T02:06:03Z
p0049,egg_robux,fox,2026-09-06T02:09:31Z
p0049,egg_robux,fox,2026-09-06T02:16:26Z
p0049,egg_robux,fox,2026-09-06T02:21:28Z
p0049,egg_robux,dragon,2026-09-06T02:26:37Z
p0049,egg_robux,fox,2026-09-06T02:36:32Z
p0049,egg_robux,fox,2026-09-06T02:39:51Z
p0049,egg_robux,dragon,2026-09-06T02:48:53Z
p0049,egg_robux,dragon,2026-09-06T02:51:19Z
p0049,egg_robux,fox,2026-09-06T02:58:01Z
p0049,egg_robux,fox,2026-09-06T03:02:39Z
p0049,egg_robux,phoenix,2026-09-06T03:08:44Z
p0049,egg_robux,dragon,2026-09-06T03:17:00Z
p0049,egg_robux,fox,2026-09-06T03:22:28Z
p0049,egg_robux,dragon,2026-09-06T03:28:28Z
p0049,egg_robux,dragon,2026-09-06T03:34:41Z
p0049,egg_robux,fox,2026-09-06T03:34:51Z
p0049,egg_robux,fox,2026-09-06T03:39:56Z
p0049,egg_robux,fox,2026-09-06T03:41:41Z
p0049,egg_robux,dragon,2026-09-06T03:47:14Z
p0049,egg_robux,fox,2026-09-06T03:51:06Z
p0049,egg_robux,dragon,2026-09-06T03:54:01Z
p0049,egg_robux,fox,2026-09-06T04:03:50Z
p0049,egg_robux,fox,2026-09-06T04:13:04Z
p0049,egg_robux,fox,2026-09-06T04:20:55Z
p0049,egg_robux,fox,2026-09-06T04:23:26Z
p0049,egg_robux,dragon,2026-09-06T04:23:57Z
p0049,egg_robux,fox,2026-09-06T04:30:02Z
p0049,egg_robux,fox,2026-09-06T04:35:59Z
p0049,egg_robux,fox,2026-09-06T04:38:21Z
p0049,egg_robux,fox,2026-09-06T04:39:37Z
p0049,egg_robux,fox,2026-09-06T04:45:41Z
p0049,egg_robux,fox,2026-09-06T04:47:12Z
p0049,egg_robux,fox,2026-09-06T04:50:39Z
p0049,egg_robux,fox,2026-09-06T04:52:11Z
p0049,egg_robux,dragon,2026-09-06T05:01:11Z
p0049,egg_robux,fox,2026-09-06T05:10:08Z
p0049,egg_robux,fox,2026-09-06T05:18:30Z
p0049,egg_robux,fox,2026-09-06T05:26:05Z
p0049,egg_robux,dragon,2026-09-06T05:26:51Z
p0049,egg_robux,dragon,2026-09-06T05:36:43Z
p0049,egg_robux,dragon,2026-09-06T05:37:40Z
p0049,egg_robux,dragon,2026-09-06T05:42:56Z
p0049,egg_robux,fox,2026-09-06T05:52:55Z
p0049,egg_robux,dragon,2026-09-06T05:54:22Z
p0049,egg_robux,fox,2026-09-06T05:58:36Z
p0049,egg_robux,dragon,2026-09-06T06:07:46Z
p0049,egg_robux,fox,2026-09-06T06:09:46Z
p0049,egg_robux,fox,2026-09-06T06:14:53Z
p0049,egg_robux,dragon,2026-09-06T06:19:49Z
p0049,egg_robux,fox,2026-09-06T06:26:31Z
p0049,egg_robux,phoenix,2026-09-06T06:33:54Z
p0049,egg_robux,dragon,2026-09-06T06:39:28Z
p0049,egg_robux,fox,2026-09-06T06:41:55Z
p0049,egg_robux,fox,2026-09-06T06:43:16Z
p0049,egg_robux,dragon,2026-09-06T06:47:47Z
p0049,egg_robux,dragon,2026-09-06T06:50:03Z
p0049,egg_robux,dragon,2026-09-06T06:52:53Z
p0049,egg_robux,fox,2026-09-06T06:57:31Z
p0049,egg_robux,fox,2026-09-06T07:02:02Z
p0049,egg_robux,fox,2026-09-06T07:03:45Z
p0049,egg_robux,fox,2026-09-06T07:08:12Z
p0049,egg_robux,phoenix,2026-09-06T07:09:25Z
p0049,egg_robux,fox,2026-09-06T07:18:51Z
p0049,egg_robux,fox,2026-09-06T07:25:03Z
p0049,egg_robux,fox,2026-09-06T07:26:16Z
p0049,egg_robux,fox,2026-09-06T07:31:14Z
p0049,egg_robux,dragon,2026-09-06T07:38:50Z
p0049,egg_robux,dragon,2026-09-06T07:48:17Z
p0049,egg_robux,fox,2026-09-06T07:51:29Z
p0049,egg_robux,fox,2026-09-06T07:53:21Z
p0049,egg_robux,dragon,2026-09-06T07:59:09Z
p0049,egg_robux,fox,2026-09-06T08:00:08Z
p0049,egg_robux,fox,2026-09-06T08:02:17Z
p0049,egg_robux,dragon,2026-09-06T08:10:45Z
p0049,egg_robux,fox,2026-09-06T08:14:55Z
p0049,egg_robux,fox,2026-09-06T08:24:03Z
p0049,egg_robux,fox,2026-09-06T08:32:50Z
p0049,egg_robux,fox,2026-09-06T08:34:12Z
p0049,egg_robux,fox,2026-09-06T08:42:59Z
p0049,egg_robux,fox,2026-09-06T08:45:16Z
p0049,egg_robux,fox,2026-09-06T08:47:49Z
p0049,egg_robux,dragon,2026-09-06T08:49:44Z
p0049,egg_robux,fox,2026-09-06T08:55:20Z
p0049,egg_robux,fox,2026-09-06T09:05:09Z
p0049,egg_robux,fox,2026-09-06T09:11:22Z
p0049,egg_robux,fox,2026-09-06T09:15:23Z
p0049,egg_robux,dragon,2026-09-06T09:18:48Z
p0049,egg_robux,fox,2026-09-06T09:26:15Z
p0049,egg_robux,fox,2026-09-06T09:28:25Z
p0049,egg_robux,dragon,2026-09-06T09:37:52Z
p0049,egg_robux,fox,2026-09-06T09:43:17Z
p0049,egg_robux,fox,2026-09-06T09:44:31Z
p0049,egg_robux,dragon,2026-09-06T09:47:33Z
p0049,egg_robux,fox,2026-09-06T09:57:27Z
p0049,egg_robux,fox,2026-09-06T09:59:42Z
p0049,egg_robux,fox,2026-09-06T10:00:34Z
p0049,egg_robux,fox,2026-09-06T10:06:02Z
p0049,egg_robux,fox,2026-09-06T10:08:24Z
p0049,egg_robux,fox,2026-09-06T10:11:56Z
p0049,egg_robux,fox,2026-09-06T10:12:28Z
p0049,egg_robux,fox,2026-09-06T10:18:57Z
p0049,egg_robux,phoenix,2026-09-06T10:28:53Z
p0049,egg_robux,fox,2026-09-06T10:29:13Z
p0049,egg_robux,fox,2026-09-06T10:37:12Z
p0049,egg_robux,dragon,2026-09-06T10:40:48Z
p0050,egg_robux,fox,2026-09-06T10:46:49Z
p0050,egg_robux,fox,2026-09-06T10:53:52Z
p0050,egg_robux,fox,2026-09-06T10:57:50Z
p0050,egg_robux,fox,2026-09-06T11:05:18Z
p0050,egg_robux,fox,2026-09-06T11:14:53Z
p0050,egg_robux,fox,2026-09-06T11:23:33Z
p0050,egg_robux,fox,2026-09-06T11:30:14Z
p0050,egg_robux,fox,2026-09-06T11:37:59Z
p0050,egg_robux,dragon,2026-09-06T11:46:58Z
p0050,egg_robux,fox,2026-09-06T11:51:51Z
p0050,egg_robux,fox,2026-09-06T11:57:48Z
p0050,egg_robux,dragon,2026-09-06T12:01:59Z
p0050,egg_robux,fox,2026-09-06T12:05:38Z
p0050,egg_robux,dragon,2026-09-06T12:14:01Z
p0050,egg_robux,fox,2026-09-06T12:18:54Z
p0050,egg_robux,fox,2026-09-06T12:19:07Z
p0050,egg_robux,fox,2026-09-06T12:26:45Z
p0050,egg_robux,dragon,2026-09-06T12:27:33Z
p0050,egg_robux,dragon,2026-09-06T12:35:48Z
p0050,egg_robux,dragon,2026-09-06T12:37:44Z
p0050,egg_robux,fox,2026-09-06T12:37:46Z
p0050,egg_robux,phoenix,2026-09-06T12:46:24Z
p0050,egg_robux,fox,2026-09-06T12:47:15Z
p0050,egg_robux,dragon,2026-09-06T12:53:14Z
p0050,egg_robux,fox,2026-09-06T12:57:53Z
p0050,egg_robux,fox,2026-09-06T13:05:19Z
p0050,egg_robux,fox,2026-09-06T13:14:43Z
p0050,egg_robux,fox,2026-09-06T13:22:01Z
p0050,egg_robux,dragon,2026-09-06T13:24:19Z
p0050,egg_robux,fox,2026-09-06T13:27:42Z
p0050,egg_robux,dragon,2026-09-06T13:32:23Z
p0050,egg_robux,fox,2026-09-06T13:41:31Z
p0051,egg_robux,fox,2026-09-06T13:47:27Z
p0051,egg_robux,fox,2026-09-06T13:56:44Z
p0051,egg_robux,dragon,2026-09-06T14:06:43Z
p0051,egg_robux,fox,2026-09-06T14:10:05Z
p0051,egg_robux,fox,2026-09-06T14:19:03Z
p0051,egg_robux,fox,2026-09-06T14:26:01Z
p0052,egg_robux,fox,2026-09-06T14:34:45Z
p0052,egg_robux,fox,2026-09-06T14:41:12Z
p0052,egg_robux,fox,2026-09-06T14:47:42Z
p0052,egg_robux,fox,2026-09-06T14:55:17Z
p0052,egg_robux,fox,2026-09-06T14:59:31Z
p0052,egg_robux,fox,2026-09-06T15:07:47Z
p0052,egg_robux,dragon,2026-09-06T15:08:33Z
p0052,egg_robux,dragon,2026-09-06T15:13:06Z
p0052,egg_robux,dragon,2026-09-06T15:13:08Z
p0052,egg_robux,fox,2026-09-06T15:14:36Z
p0052,egg_robux,fox,2026-09-06T15:16:25Z
p0052,egg_robux,fox,2026-09-06T15:23:57Z
p0052,egg_robux,fox,2026-09-06T15:26:31Z
p0052,egg_robux,fox,2026-09-06T15:29:25Z
p0052,egg_robux,fox,2026-09-06T15:39:03Z
p0052,egg_robux,fox,2026-09-06T15:43:04Z
p0052,egg_robux,fox,2026-09-06T15:50:25Z
p0052,egg_robux,fox,2026-09-06T15:51:02Z
p0052,egg_robux,fox,2026-09-06T15:54:45Z
p0052,egg_robux,fox,2026-09-06T16:00:42Z
p0052,egg_robux,fox,2026-09-06T16:01:02Z
p0052,egg_robux,fox,2026-09-06T16:02:39Z
p0052,egg_robux,dragon,2026-09-06T16:07:53Z
p0052,egg_robux,fox,2026-09-06T16:08:21Z
p0052,egg_robux,dragon,2026-09-06T16:11:14Z
p0052,egg_robux,dragon,2026-09-06T16:16:38Z
p0052,egg_robux,fox,2026-09-06T16:26:25Z
p0052,egg_robux,fox,2026-09-06T16:27:31Z
p0052,egg_robux,dragon,2026-09-06T16:33:37Z
p0052,egg_robux,fox,2026-09-06T16:34:27Z
p0052,egg_robux,fox,2026-09-06T16:40:54Z
p0052,egg_robux,fox,2026-09-06T16:43:47Z
p0052,egg_robux,dragon,2026-09-06T16:53:12Z
p0052,egg_robux,dragon,2026-09-06T16:54:25Z
p0052,egg_robux,dragon,2026-09-06T17:03:32Z
p0052,egg_robux,fox,2026-09-06T17:05:14Z
p0052,egg_robux,fox,2026-09-06T17:12:15Z
p0052,egg_robux,fox,2026-09-06T17:17:02Z
p0052,egg_robux,fox,2026-09-06T17:17:20Z
p0052,egg_robux,phoenix,2026-09-06T17:19:22Z
p0052,egg_robux,fox,2026-09-06T17:21:41Z
p0053,egg_robux,fox,2026-09-06T17:22:38Z
p0053,egg_robux,fox,2026-09-06T17:30:22Z
p0053,egg_robux,fox,2026-09-06T17:34:09Z
p0053,egg_robux,fox,2026-09-06T17:38:58Z
p0053,egg_robux,fox,2026-09-06T17:40:43Z
p0053,egg_robux,dragon,2026-09-06T17:48:02Z
p0053,egg_robux,fox,2026-09-06T17:56:15Z
p0053,egg_robux,fox,2026-09-06T17:58:15Z
p0053,egg_robux,fox,2026-09-06T18:03:31Z
p0053,egg_robux,fox,2026-09-06T18:06:18Z
p0053,egg_robux,dragon,2026-09-06T18:15:46Z
p0053,egg_robux,fox,2026-09-06T18:25:41Z
p0053,egg_robux,fox,2026-09-06T18:35:05Z
p0053,egg_robux,fox,2026-09-06T18:45:04Z
p0053,egg_robux,fox,2026-09-06T18:50:33Z
p0053,egg_robux,dragon,2026-09-06T18:59:44Z
p0053,egg_robux,fox,2026-09-06T19:07:35Z
p0053,egg_robux,dragon,2026-09-06T19:07:50Z
p0053,egg_robux,fox,2026-09-06T19:16:07Z
p0053,egg_robux,fox,2026-09-06T19:23:56Z
p0053,egg_robux,phoenix,2026-09-06T19:24:18Z
p0053,egg_robux,fox,2026-09-06T19:24:56Z
p0053,egg_robux,fox,2026-09-06T19:33:09Z
p0053,egg_robux,fox,2026-09-06T19:35:50Z
p0053,egg_robux,dragon,2026-09-06T19:40:32Z
p0054,egg_robux,dragon,2026-09-06T19:41:25Z
p0054,egg_robux,dragon,2026-09-06T19:44:13Z
p0054,egg_robux,fox,2026-09-06T19:46:23Z
p0054,egg_robux,dragon,2026-09-06T19:53:48Z
p0054,egg_robux,fox,2026-09-06T19:59:08Z
p0054,egg_robux,fox,2026-09-06T20:08:04Z
p0054,egg_robux,dragon,2026-09-06T20:17:50Z
p0054,egg_robux,fox,2026-09-06T20:25:30Z
p0054,egg_robux,fox,2026-09-06T20:31:34Z
p0054,egg_robux,dragon,2026-09-06T20:32:41Z
p0054,egg_robux,fox,2026-09-06T20:33:08Z
p0054,egg_robux,dragon,2026-09-06T20:38:18Z
p0054,egg_robux,fox,2026-09-06T20:47:32Z
p0054,egg_robux,fox,2026-09-06T20:55:18Z
p0054,egg_robux,dragon,2026-09-06T20:59:04Z
p0054,egg_robux,fox,2026-09-06T21:07:41Z
p0054,egg_robux,fox,2026-09-06T21:09:09Z
p0054,egg_robux,fox,2026-09-06T21:13:19Z
p0054,egg_robux,fox,2026-09-06T21:15:00Z
p0054,egg_robux,dragon,2026-09-06T21:20:17Z
p0054,egg_robux,fox,2026-09-06T21:24:45Z
p0054,egg_robux,dragon,2026-09-06T21:26:57Z
p0054,egg_robux,fox,2026-09-06T21:33:48Z
p0054,egg_robux,dragon,2026-09-06T21:36:25Z
p0055,egg_robux,dragon,2026-09-06T21:45:52Z
p0055,egg_robux,fox,2026-09-06T21:51:33Z
p0056,egg_robux,fox,2026-09-06T21:52:41Z
p0056,egg_robux,dragon,2026-09-06T22:02:19Z
p0056,egg_robux,fox,2026-09-06T22:07:01Z
p0056,egg_robux,fox,2026-09-06T22:07:46Z
p0056,egg_robux,fox,2026-09-06T22:14:44Z
p0056,egg_robux,fox,2026-09-06T22:17:02Z
p0056,egg_robux,dragon,2026-09-06T22:22:13Z
p0056,egg_robux,fox,2026-09-06T22:29:10Z
p0056,egg_robux,fox,2026-09-06T22:29:20Z
p0056,egg_robux,fox,2026-09-06T22:38:38Z
p0056,egg_robux,fox,2026-09-06T22:45:36Z
p0056,egg_robux,fox,2026-09-06T22:48:50Z
p0056,egg_robux,dragon,2026-09-06T22:51:22Z
p0056,egg_robux,dragon,2026-09-06T22:56:47Z
p0056,egg_robux,dragon,2026-09-06T23:00:33Z
p0056,egg_robux,fox,2026-09-06T23:03:09Z
p0056,egg_robux,fox,2026-09-06T23:05:44Z
p0056,egg_robux,fox,2026-09-06T23:13:13Z
p0056,egg_robux,dragon,2026-09-06T23:20:57Z
p0056,egg_robux,fox,2026-09-06T23:29:08Z
p0056,egg_robux,dragon,2026-09-06T23:30:11Z
p0056,egg_robux,fox,2026-09-06T23:38:21Z
p0056,egg_robux,dragon,2026-09-06T23:42:03Z
p0056,egg_robux,fox,2026-09-06T23:50:54Z
p0056,egg_robux,fox,2026-09-06T23:54:46Z
p0056,egg_robux,dragon,2026-09-06T23:59:49Z
p0056,egg_robux,fox,2026-09-07T00:09:47Z
p0056,egg_robux,fox,2026-09-07T00:15:24Z
p0056,egg_robux,fox,2026-09-07T00:18:23Z
p0056,egg_robux,fox,2026-09-07T00:24:54Z
p0056,egg_robux,fox,2026-09-07T00:28:42Z
p0056,egg_robux,fox,2026-09-07T00:37:12Z
p0056,egg_robux,dragon,2026-09-07T00:45:53Z
p0056,egg_robux,dragon,2026-09-07T00:52:23Z
p0056,egg_robux,fox,2026-09-07T00:55:18Z
p0056,egg_robux,fox,2026-09-07T01:04:20Z
p0056,egg_robux,dragon,2026-09-07T01:06:22Z
p0056,egg_robux,fox,2026-09-07T01:13:43Z
p0056,egg_robux,fox,2026-09-07T01:19:22Z
p0056,egg_robux,phoenix,2026-09-07T01:29:15Z
p0056,egg_robux,dragon,2026-09-07T01:34:53Z
p0056,egg_robux,dragon,2026-09-07T01:43:08Z
p0056,egg_robux,dragon,2026-09-07T01:43:51Z
p0056,egg_robux,fox,2026-09-07T01:52:53Z
p0056,egg_robux,fox,2026-09-07T01:54:42Z
p0056,egg_robux,fox,2026-09-07T01:55:33Z
p0056,egg_robux,dragon,2026-09-07T01:56:37Z
p0056,egg_robux,fox,2026-09-07T01:57:40Z
p0056,egg_robux,fox,2026-09-07T02:02:51Z
p0056,egg_robux,fox,2026-09-07T02:07:50Z
p0056,egg_robux,fox,2026-09-07T02:16:34Z
p0056,egg_robux,fox,2026-09-07T02:21:08Z
p0056,egg_robux,fox,2026-09-07T02:24:45Z
p0056,egg_robux,fox,2026-09-07T02:31:54Z
p0056,egg_robux,phoenix,2026-09-07T02:39:58Z
p0056,egg_robux,fox,2026-09-07T02:46:02Z
p0056,egg_robux,fox,2026-09-07T02:47:59Z
p0056,egg_robux,fox,2026-09-07T02:49:23Z
p0056,egg_robux,fox,2026-09-07T02:50:03Z
p0057,egg_robux,dragon,2026-09-07T02:53:08Z
p0057,egg_robux,fox,2026-09-07T02:58:04Z
p0057,egg_robux,fox,2026-09-07T03:00:19Z
p0057,egg_robux,fox,2026-09-07T03:03:06Z
p0057,egg_robux,fox,2026-09-07T03:04:16Z
p0057,egg_robux,fox,2026-09-07T03:04:41Z
p0057,egg_robux,dragon,2026-09-07T03:06:29Z
p0057,egg_robux,fox,2026-09-07T03:07:38Z
p0057,egg_robux,dragon,2026-09-07T03:10:26Z
p0057,egg_robux,fox,2026-09-07T03:13:23Z
p0057,egg_robux,fox,2026-09-07T03:15:32Z
p0057,egg_robux,fox,2026-09-07T03:19:03Z
p0057,egg_robux,dragon,2026-09-07T03:22:53Z
p0057,egg_robux,fox,2026-09-07T03:31:33Z
p0057,egg_robux,fox,2026-09-07T03:36:32Z
p0057,egg_robux,fox,2026-09-07T03:40:24Z
p0057,egg_robux,dragon,2026-09-07T03:45:20Z
p0057,egg_robux,fox,2026-09-07T03:46:49Z
p0057,egg_robux,dragon,2026-09-07T03:56:26Z
p0057,egg_robux,dragon,2026-09-07T04:01:32Z
p0057,egg_robux,fox,2026-09-07T04:06:14Z
p0057,egg_robux,dragon,2026-09-07T04:06:42Z
p0057,egg_robux,fox,2026-09-07T04:12:04Z
p0057,egg_robux,dragon,2026-09-07T04:13:02Z
p0057,egg_robux,fox,2026-09-07T04:17:48Z
p0057,egg_robux,fox,2026-09-07T04:20:12Z
p0057,egg_robux,fox,2026-09-07T04:21:38Z
p0057,egg_robux,fox,2026-09-07T04:31:23Z
p0057,egg_robux,fox,2026-09-07T04:41:19Z
p0057,egg_robux,fox,2026-09-07T04:51:11Z
p0058,egg_robux,dragon,2026-09-07T04:58:36Z
p0058,egg_robux,fox,2026-09-07T05:08:14Z
p0058,egg_robux,dragon,2026-09-07T05:17:29Z
p0058,egg_robux,fox,2026-09-07T05:17:54Z
p0058,egg_robux,fox,2026-09-07T05:18:12Z
p0058,egg_robux,fox,2026-09-07T05:18:19Z
p0058,egg_robux,fox,2026-09-07T05:27:29Z
p0058,egg_robux,fox,2026-09-07T05:32:28Z
p0058,egg_robux,dragon,2026-09-07T05:39:41Z
p0058,egg_robux,dragon,2026-09-07T05:40:32Z
p0058,egg_robux,dragon,2026-09-07T05:42:30Z
p0058,egg_robux,fox,2026-09-07T05:48:58Z
p0058,egg_robux,fox,2026-09-07T05:52:36Z
p0058,egg_robux,fox,2026-09-07T05:57:28Z
p0058,egg_robux,fox,2026-09-07T06:04:52Z
p0058,egg_robux,fox,2026-09-07T06:07:02Z
p0058,egg_robux,fox,2026-09-07T06:10:22Z
p0058,egg_robux,fox,2026-09-07T06:13:45Z
p0058,egg_robux,dragon,2026-09-07T06:15:25Z
p0058,egg_robux,fox,2026-09-07T06:25:17Z
p0058,egg_robux,fox,2026-09-07T06:28:01Z
p0058,egg_robux,fox,2026-09-07T06:31:55Z
p0058,egg_robux,fox,2026-09-07T06:39:39Z
p0058,egg_robux,fox,2026-09-07T06:43:43Z
p0058,egg_robux,fox,2026-09-07T06:53:34Z
p0058,egg_robux,fox,2026-09-07T06:55:55Z
p0058,egg_robux,fox,2026-09-07T07:03:35Z
p0058,egg_robux,fox,2026-09-07T07:11:35Z
p0058,egg_robux,fox,2026-09-07T07:15:23Z
p0058,egg_robux,fox,2026-09-07T07:15:32Z
p0058,egg_robux,fox,2026-09-07T07:25:20Z
p0058,egg_robux,fox,2026-09-07T07:33:31Z
p0058,egg_robux,fox,2026-09-07T07:41:24Z
p0058,egg_robux,fox,2026-09-07T07:50:46Z
p0058,egg_robux,phoenix,2026-09-07T08:00:38Z
p0058,egg_robux,dragon,2026-09-07T08:05:55Z
p0058,egg_robux,fox,2026-09-07T08:06:38Z
p0058,egg_robux,fox,2026-09-07T08:09:18Z
p0058,egg_robux,fox,2026-09-07T08:13:22Z
p0058,egg_robux,fox,2026-09-07T08:19:45Z
p0058,egg_robux,dragon,2026-09-07T08:27:54Z
p0058,egg_robux,dragon,2026-09-07T08:37:27Z
p0058,egg_robux,fox,2026-09-07T08:42:13Z
p0059,egg_robux,dragon,2026-09-07T08:45:19Z
p0059,egg_robux,dragon,2026-09-07T08:49:12Z
p0059,egg_robux,fox,2026-09-07T08:52:06Z
p0060,egg_robux,fox,2026-09-07T08:59:16Z
p0061,egg_robux,dragon,2026-09-07T09:04:52Z
p0061,egg_robux,phoenix,2026-09-07T09:07:29Z
p0061,egg_robux,fox,2026-09-07T09:16:32Z
p0061,egg_robux,fox,2026-09-07T09:25:54Z
p0061,egg_robux,fox,2026-09-07T09:26:02Z
p0061,egg_robux,fox,2026-09-07T09:33:43Z
p0061,egg_robux,phoenix,2026-09-07T09:42:54Z
p0061,egg_robux,fox,2026-09-07T09:45:28Z
p0061,egg_robux,dragon,2026-09-07T09:53:44Z
p0061,egg_robux,fox,2026-09-07T09:57:51Z
p0061,egg_robux,dragon,2026-09-07T10:04:23Z
p0061,egg_robux,phoenix,2026-09-07T10:07:39Z
p0061,egg_robux,phoenix,2026-09-07T10:16:11Z
p0061,egg_robux,fox,2026-09-07T10:25:06Z
p0061,egg_robux,fox,2026-09-07T10:27:05Z
p0061,egg_robux,fox,2026-09-07T10:27:26Z
p0061,egg_robux,dragon,2026-09-07T10:35:39Z
p0061,egg_robux,fox,2026-09-07T10:37:37Z
p0061,egg_robux,dragon,2026-09-07T10:38:55Z
p0061,egg_robux,fox,2026-09-07T10:39:17Z
p0061,egg_robux,fox,2026-09-07T10:44:08Z
p0061,egg_robux,fox,2026-09-07T10:52:59Z
p0061,egg_robux,fox,2026-09-07T10:55:02Z
p0061,egg_robux,dragon,2026-09-07T11:02:01Z
p0061,egg_robux,fox,2026-09-07T11:09:44Z
p0061,egg_robux,fox,2026-09-07T11:15:48Z
p0061,egg_robux,dragon,2026-09-07T11:19:52Z
p0061,egg_robux,dragon,2026-09-07T11:29:41Z
p0061,egg_robux,fox,2026-09-07T11:33:38Z
p0061,egg_robux,fox,2026-09-07T11:39:12Z
p0061,egg_robux,dragon,2026-09-07T11:39:59Z
p0062,egg_robux,fox,2026-09-07T11:49:35Z
p0062,egg_robux,dragon,2026-09-07T11:57:11Z
p0062,egg_robux,fox,2026-09-07T12:01:05Z
p0062,egg_robux,fox,2026-09-07T12:01:38Z
p0062,egg_robux,fox,2026-09-07T12:11:16Z
p0062,egg_robux,dragon,2026-09-07T12:15:27Z
p0062,egg_robux,fox,2026-09-07T12:16:11Z
p0062,egg_robux,fox,2026-09-07T12:19:25Z
p0062,egg_robux,fox,2026-09-07T12:22:06Z
p0062,egg_robux,fox,2026-09-07T12:28:19Z
p0062,egg_robux,dragon,2026-09-07T12:34:45Z
p0062,egg_robux,dragon,2026-09-07T12:41:08Z
p0062,egg_robux,dragon,2026-09-07T12:47:06Z
p0062,egg_robux,fox,2026-09-07T12:52:22Z
p0062,egg_robux,fox,2026-09-07T12:59:14Z
p0062,egg_robux,fox,2026-09-07T13:08:27Z
p0062,egg_robux,fox,2026-09-07T13:08:43Z
p0062,egg_robux,dragon,2026-09-07T13:15:42Z
p0062,egg_robux,fox,2026-09-07T13:17:20Z
p0062,egg_robux,dragon,2026-09-07T13:20:29Z
p0062,egg_robux,fox,2026-09-07T13:21:53Z
p0062,egg_robux,fox,2026-09-07T13:29:51Z
p0062,egg_robux,dragon,2026-09-07T13:36:48Z
p0062,egg_robux,dragon,2026-09-07T13:45:51Z
p0062,egg_robux,fox,2026-09-07T13:54:09Z
p0062,egg_robux,fox,2026-09-07T14:00:32Z
p0062,egg_robux,fox,2026-09-07T14:07:08Z
p0062,egg_robux,fox,2026-09-07T14:13:27Z
p0062,egg_robux,fox,2026-09-07T14:20:53Z
p0062,egg_robux,dragon,2026-09-07T14:24:53Z
p0062,egg_robux,fox,2026-09-07T14:29:31Z
p0062,egg_robux,dragon,2026-09-07T14:31:20Z
p0062,egg_robux,dragon,2026-09-07T14:39:35Z
p0062,egg_robux,fox,2026-09-07T14:45:16Z
p0062,egg_robux,fox,2026-09-07T14:49:48Z
p0062,egg_robux,fox,2026-09-07T14:52:43Z
p0062,egg_robux,dragon,2026-09-07T14:58:19Z
p0062,egg_robux,dragon,2026-09-07T15:02:01Z
p0062,egg_robux,fox,2026-09-07T15:08:44Z
p0062,egg_robux,phoenix,2026-09-07T15:13:26Z
p0062,egg_robux,fox,2026-09-07T15:14:26Z
p0062,egg_robux,fox,2026-09-07T15:23:21Z
p0062,egg_robux,fox,2026-09-07T15:31:52Z
p0062,egg_robux,dragon,2026-09-07T15:41:35Z
p0062,egg_robux,dragon,2026-09-07T15:43:39Z
p0062,egg_robux,fox,2026-09-07T15:49:26Z
p0062,egg_robux,fox,2026-09-07T15:51:23Z
p0062,egg_robux,dragon,2026-09-07T15:53:08Z
p0062,egg_robux,fox,2026-09-07T15:59:40Z
p0062,egg_robux,dragon,2026-09-07T16:04:39Z
p0062,egg_robux,fox,2026-09-07T16:08:51Z
p0062,egg_robux,fox,2026-09-07T16:15:56Z
p0062,egg_robux,fox,2026-09-07T16:25:24Z
p0062,egg_robux,fox,2026-09-07T16:26:51Z
p0062,egg_robux,dragon,2026-09-07T16:34:37Z
p0062,egg_robux,phoenix,2026-09-07T16:35:37Z
p0063,egg_robux,phoenix,2026-09-07T16:38:52Z
p0063,egg_robux,fox,2026-09-07T16:41:55Z
p0063,egg_robux,fox,2026-09-07T16:46:32Z
p0063,egg_robux,dragon,2026-09-07T16:47:27Z
p0063,egg_robux,fox,2026-09-07T16:51:46Z
p0063,egg_robux,fox,2026-09-07T16:59:05Z
p0063,egg_robux,fox,2026-09-07T17:08:55Z
p0063,egg_robux,dragon,2026-09-07T17:10:35Z
p0063,egg_robux,fox,2026-09-07T17:17:37Z
p0063,egg_robux,fox,2026-09-07T17:19:34Z
p0063,egg_robux,phoenix,2026-09-07T17:27:57Z
p0063,egg_robux,fox,2026-09-07T17:28:48Z
p0063,egg_robux,dragon,2026-09-07T17:37:48Z
p0063,egg_robux,fox,2026-09-07T17:43:01Z
p0063,egg_robux,fox,2026-09-07T17:46:17Z
p0064,egg_robux,dragon,2026-09-07T17:47:26Z
p0064,egg_robux,fox,2026-09-07T17:51:58Z
p0064,egg_robux,fox,2026-09-07T17:59:47Z
p0064,egg_robux,phoenix,2026-09-07T18:07:02Z
p0064,egg_robux,fox,2026-09-07T18:15:01Z
p0064,egg_robux,fox,2026-09-07T18:15:21Z
p0064,egg_robux,fox,2026-09-07T18:23:30Z
p0064,egg_robux,fox,2026-09-07T18:31:47Z
p0064,egg_robux,dragon,2026-09-07T18:36:10Z
p0064,egg_robux,dragon,2026-09-07T18:45:55Z
p0064,egg_robux,fox,2026-09-07T18:49:30Z
p0064,egg_robux,dragon,2026-09-07T18:51:03Z
p0064,egg_robux,fox,2026-09-07T18:57:00Z
p0064,egg_robux,dragon,2026-09-07T18:59:10Z
p0064,egg_robux,fox,2026-09-07T19:08:47Z
p0064,egg_robux,fox,2026-09-07T19:15:50Z
p0064,egg_robux,fox,2026-09-07T19:25:21Z
p0065,egg_robux,fox,2026-09-07T19:28:07Z
p0065,egg_robux,fox,2026-09-07T19:34:44Z
p0065,egg_robux,fox,2026-09-07T19:38:26Z
p0065,egg_robux,fox,2026-09-07T19:42:32Z
p0065,egg_robux,dragon,2026-09-07T19:50:24Z
p0065,egg_robux,phoenix,2026-09-07T19:57:27Z
p0065,egg_robux,dragon,2026-09-07T20:01:51Z
p0065,egg_robux,dragon,2026-09-07T20:07:25Z
p0065,egg_robux,dragon,2026-09-07T20:17:06Z
p0065,egg_robux,fox,2026-09-07T20:24:19Z
p0065,egg_robux,fox,2026-09-07T20:31:28Z
p0065,egg_robux,dragon,2026-09-07T20:37:06Z
p0065,egg_robux,fox,2026-09-07T20:42:14Z
p0065,egg_robux,dragon,2026-09-07T20:44:56Z
p0065,egg_robux,fox,2026-09-07T20:51:37Z
p0065,egg_robux,fox,2026-09-07T21:00:02Z
p0065,egg_robux,dragon,2026-09-07T21:08:49Z
p0065,egg_robux,fox,2026-09-07T21:13:54Z
p0065,egg_robux,fox,2026-09-07T21:17:51Z
p0065,egg_robux,dragon,2026-09-07T21:23:20Z
p0065,egg_robux,fox,2026-09-07T21:32:57Z
p0065,egg_robux,fox,2026-09-07T21:41:09Z
p0065,egg_robux,fox,2026-09-07T21:45:11Z
p0065,egg_robux,fox,2026-09-07T21:50:41Z
p0065,egg_robux,fox,2026-09-07T21:51:41Z
p0065,egg_robux,fox,2026-09-07T22:00:29Z
p0065,egg_robux,fox,2026-09-07T22:06:13Z
p0065,egg_robux,fox,2026-09-07T22:07:49Z
p0065,egg_robux,fox,2026-09-07T22:15:21Z
p0065,egg_robux,fox,2026-09-07T22:24:32Z
p0065,egg_robux,fox,2026-09-07T22:26:13Z
p0066,egg_robux,dragon,2026-09-07T22:26:22Z
p0066,egg_robux,fox,2026-09-07T22:27:44Z
p0066,egg_robux,fox,2026-09-07T22:28:43Z
p0066,egg_robux,dragon,2026-09-07T22:35:07Z
